4.24692257748904,0,0,0,0
0,0,0,0,0
4.72481814825399,0,0,0,0
4.83453434911536,0,0,0,0
5.26087507107217,0,0,0,0
5.06978431794939,0,0,0,0
5.1597447166841,0,0,0,0
5.84733432768796,0,2.77196352684586,0,0
0,0,0,0,0
5.61695289932147,0,0,1.83577635464483,0
0,0,0,0,0
0,0,0,0,0
0,0,0,0,0
0,0,0,0,0
6.00618073094366,6.06334325057339,8.28971777109079,6.91215558342662,6.8403326026647
4.48627403104424,0,6.93828448401696,5.97782190806682,0
5.66223104749797,0,0,0,0
0,0,0,0,0
0,0,0,0,0
4.97057689685027,0,0,0,0
4.39654572077308,0,0,0,0
4.99090866391222,0,0,0,0
4.76660853186562,0,0,0,0
3.85672168964306,0,0,0,0
4.28853979158042,0,0,0,0
0,0,0,0,0
0,0,0,0,0
5.26491568991401,0,0,0,0
0,0,0,0,0
5.50565668631728,0,0,0,0
4.7738153119658,0,0,0,0
4.48604875508023,0,0,0,0
0,0,0,0,0
0,0,0,0,0
5.62423408922973,0,0,0,0
0,0,0,0,0
4.41534051370382,0,0,0,0
4.03988837642604,0,0,0,0
0,0,0,0,0
0,0,0,0,0
0,0,0,0,0
0,0,0,0,0
4.5321692931036,0,0,0,0
0,0,0,0,0
0,0,0,0,0
2.71601837075139,0,0,0,0
4.3141492122708,0,0,0,0
0,0,0,0,0
4.87405162897615,0,0,0,0
4.85694006609062,0,0,0,0
5.34682177560765,0,0,0,0
0,0,0,0,0
4.32041715304219,0,0,0,0
4.78640782221901,0,0,0,0
0,0,0,0,0
0,0,0,0,0
0,0,0,0,0
0,0,0,0,0
0,0,0,0,0
0,0,0,0,0
0,0,0,0,0
0,0,0,0,0
0,0,0,0,0
0,0,0,0,0
0,0,0,0,0
0,0,0,0,0
0,0,0,0,0
4.70166148617685,0,0,0,0
0,0,0,0,0
0,0,0,0,0
0,0,0,0,0
4.43663318416475,0,0,0,0
4.53517681416756,0,0,0,0
4.44875026671679,0,0,0,0
0,0,0,2.88535921607262,0
0,0,0,0,0
6.17995453992231,0,0,0,0
0,0,0,0,0
0,0,0,0,0
0,0,0,0,0
0,0,4.76873356985346,4.73277153058181,0
0,0,0,0,0
0,0,0,0,0
0,0,0,0,0
0,3.02674632708316,0,0,0
0,0,0,0,0
0,0,0,0,0
0,0,0,0,0
0,0,0,0,0
4.48141937855192,0,0,0,0
0,0,0,0,0
0,0,0,0,0
0,0,0,0,0
0,0,0,0,0
0,0,0,0,0
0,0,0,0,0
0,0,0,0,0
3.9431340004532,0,0,0,0
0,0,0,0,0
0,0,0,0,0
5.2828483356441,0,0,0,0
0,0,0,0,0
5.24105894770775,0,0,0,0
0,0,0,0,0
0,0,0,0,0
4.38626762893114,0,0,0,0
5.95723535555732,0,0,0,0
0,0,0,0,0
0,0,0,0,0
3.50855589998265,0,0,0,0
4.84591787125066,0,0,0,0
6.42614859388537,0,0,0,0
0,0,0,0,0
0,0,0,0,0
4.29155473150981,0,0,0,0
0,0,0,0,0
0,0,0,0,0
0,0,0,0,0
0,0,0,0,0
0,0,0,0,0
0,0,0,0,0
0,0,0,0,0
0,0,0,0,0
0,0,0,0,0
0,0,0,3.96972571555644,0
0,0,0,3.44361809754611,0
0,0,0,3.40552135314221,0
0,0,0,0,0
0,0,0,0,0
0,0,0,0,0
0,0,0,4.74284299111316,0
0,0,0,3.89569035080725,0
0,0,0,4.36627827770574,0
3.97837238596968,0,0,0,0
0,0,0,1.85159946958407,0
0,0,0,0,0
0,0,0,0,0
0,0,0,2.77570884957602,0
0,0,0,0,0
0,0,0,0,0
0,0,0,2.5564518169511,0
0,0,0,2.7173402480093,0
0,0,0,0,0
0,0,0,0,0
0,0,0,0,0
0,0,0,0,0
0,0,4.18174475250293,0,0
0,0,0,0,0
0,0,0,0,0
0,0,0,0,0
0,0,0,0,0
0,0,0,0,0
0,0,0,0,0
0,0,0,0,0
0,0,0,0,0
0,0,0,0,0
0,0,0,0,0
0,0,5.61141130506051,0,0
3.55047908437791,0,0,0,0
0,0,0,0,0
0,0,0,0,0
0,0,0,0,0
0,0,0,0,0
4.15653658247855,0,0,0,0
3.71698088422481,0,0,0,0
0,0,0,0,0
0,0,0,0,0
0,0,4.67226792952059,0,0
0,0,0,0,0
0,0,0,0,0
0,0,0,0,0
0,0,3.87411343235493,0,0
0,0,4.10857614446882,0,0
0,0,3.94332785525656,0,0
0,0,3.11440380327149,0,0
0,0,4.18874523764358,0,0
0,0,4.41049260698455,0,0
0,0,0,0,0
0,0,4.63366045638772,0,0
0,0,0,0,0
0,0,0,0,0
0,0,0,0,0
3.99966751528019,0,4.66635935430051,0,0
0,0,0,0,0
3.90680943837526,0,0,0,0
0,0,0,0,0
0,0,0,0,0
0,0,0,0,0
3.80755098383143,0,0,0,0
0,0,0,0,0
0,0,0,0,0
0,0,0,0,0
0,0,0,0,0
0,0,0,0,0
0,0,0,0,0
0,0,0,0,0
0,0,0,0,0
0,0,0,0,0
0,0,0,0,0
0,0,0,0,0
0,0,0,0,0
0,0,0,0,0
0,0,0,0,0
0,0,0,0,0
4.45921913050379,0,0,0,0
4.97921342408792,0,0,0,0
4.43757959379413,0,0,0,0
4.69079727195553,0,0,0,0
4.46590811865458,0,0,0,0
3.87015880132945,0,0,0,0
0,0,0,0,0
0,0,0,0,0
5.32315630989496,0,0,0,0
4.41207075602226,0,0,0,0
4.15449848504185,0,0,0,0
0,0,0,0,0
0,0,0,0,0
4.89828746092981,0,0,0,0
0,0,0,0,0
4.51819517197368,0,0,0,0
0,0,0,0,0
4.67897811313281,0,0,0,0
4.5790315283784,0,0,0,0
4.67002115830771,0,0,0,0
4.64121277733502,0,0,0,0
5.50963122210867,0,0,0,0
0,0,0,0,0
5.03383085169944,0,0,0,0
0,0,0,0,0
0,0,0,0,0
0,0,0,0,0
0,0,4.82575045489914,2.56186769092413,0
0,0,0,0,0
0,0,0,0,0
0,0,0,0,0
0,0,0,0,0
0,0,0,0,0
0,0,0,0,0
0,0,0,0,0
0,0,0,0,0
0,0,0,0,0
0,0,0,0,0
0,0,0,0,0
0,0,0,0,0
0,0,0,0,0
3.09149689553837,4.08564012159195,0,0,0
0,0,0,0,0
0,0,4.07431190847186,0,0
0,0,0,0,0
0,0,0,0,0
0,0,0,0,0
4.66880204623286,0,0,0,0
4.72348641280613,0,6.95363645423833,0,0
4.56330598188939,0,0,0,0
0,0,0,0,0
4.87121995831276,0,0,0,0
0,0,0,0,0
0,0,7.28325590257083,5.24570741627574,0
0,0,0,0,0
0,0,0,0,0
6.1250334390294,0,0,0,0
0,0,0,0,0
0,0,0,0,0
0,0,5.23569700456637,6.67214686302285,8.10619178625825
0,0,0,6.16186111636358,0
0,0,0,0,0
0,0,0,0,0
0,0,0,0,0
0,0,7.28424461485373,6.53896437519334,0
0,0,0,0,0
0,0,0,0,0
4.30838009450558,0,0,0,0
0,5.43920910524552,5.68493938685472,0,0
4.90638527272246,0,0,0,0
0,0,0,0,0
0,0,0,4.51993904162543,0
0,0,0,0,0
0,0,0,0,0
0,0,0,0,0
4.76362587168006,0,0,0,0
4.5973396068729,0,0,0,0
0,0,0,0,0
0,0,0,0,0
5.44263413731628,0,0,0,0
4.98024481277219,0,0,0,0
0,0,6.64248680136726,0,0
0,0,0,0,0
0,0,0,0,0
0,0,0,0,0
0,0,4.89514961748856,0,0
5.87930318021965,0,0,0,0
0,0,3.93808053974744,0,0
4.84055846371874,0,0,0,0
4.46797494681025,0,0,0,0
0,0,0,0,0
5.18049057993459,0,0,0,0
0,0,0,0,0
4.671893818031,0,0,0,0
4.14329344395396,0,0,0,0
0,0,0,0,0
5.05955243433087,0,0,7.23373696743051,0
4.97735423952759,0,0,0,0
7.69007566476293,0,0,0,0
7.81390678216305,0,0,0,0
5.38879771967641,0,0,0,0
4.54595082632812,0,0,0,0
0,0,0,0,0
0,0,0,0,0
0,0,0,0,0
4.37020705786854,0,0,0,0
0,0,0,0,0
0,0,0,0,0
5.68667022504624,0,0,0,0
5.87963873192573,0,0,0,0
0,0,0,0,0
5.2745880398488,0,0,0,0
0,0,0,0,0
0,4.60507018098776,4.45225207956338,0,4.47129587743176
5.85804743366763,0,0,0,0
5.72951519655181,0,0,0,0
0,0,0,0,0
5.0003155616894,0,0,0,0
0,0,0,0,0
4.87893080309883,0,0,0,0
0,0,0,0,0
0,0,0,0,0
0,0,0,0,0
0,0,0,0,0
4.50202942706858,0,0,0,0
5.61782508747866,0,0,0,0
4.11202074723504,0,5.4043876302751,4.55849777778966,0
0,0,0,0,0
4.79206460462718,0,0,0,0
0,0,0,0,0
0,0,0,0,0
0,0,0,0,0
6.19307797987183,0,0,0,0
6.54007716443463,0,0,0,0
0,0,0,0,0
0,0,0,0,0
6.51226525389605,0,0,0,0
0,0,0,0,0
5.81299555962952,0,0,0,0
4.53485501207307,0,0,0,0
5.19034232488274,0,0,0,0
0,0,0,0,0
0,0,0,0,0
0,0,0,0,0
4.01041932728434,0,0,0,0
4.7299509028854,0,0,4.26436859120565,0
5.53061885564701,0,0,0,0
5.20910356600321,0,0,0,0
5.0950989840411,0,0,0,0
4.94591897937656,0,0,0,0
0,0,0,0,0
0,0,0,0,0
4.83095025862343,0,0,0,0
0,0,0,0,0
5.35076749154896,0,0,0,0
5.20515986806179,0,0,0,0
4.41376752045794,0,0,0,0
0,0,0,0,0
5.43546720469527,0,0,0,0
5.06075790349947,0,0,0,0
0,0,0,0,0
3.96745771231625,0,0,0,0
4.92667380691538,0,0,0,0
4.25915253652335,0,0,0,0
0,0,0,0,0
5.15317598087837,0,0,0,0
4.978938207353,0,0,0,0
4.9782498339521,0,0,0,0
4.574298522321,0,0,0,0
4.9747317397499,0,0,0,0
6.51268099875348,0,0,0,0
4.24420031776648,0,0,0,0
6.04550282059085,0,0,0,0
0,0,0,0,0
0,0,0,0,0
0,0,0,0,0
4.70275051432696,0,0,0,0
4.66249525260736,0,0,0,0
0,0,0,0,0
4.52309207495248,0,0,0,0
0,0,0,0,0
0,0,0,0,0
0,0,0,0,0
0,0,0,0,0
5.04696722334365,0,0,0,0
6.32790106880571,0,0,0,0
0,0,0,0,0
7.78699605989299,0,0,0,0
4.20692892296925,0,0,0,0
0,0,0,0,0
0,0,0,0,0
0,0,0,0,0
0,0,0,0,0
0,0,0,0,0
4.56163618396436,0,0,0,0
0,0,0,0,0
0,0,0,0,0
0,4.74675655004996,8.03482868027228,5.35015051518805,6.39864485009473
0,0,0,0,0
0,0,3.97010321650467,0,0
5.3388833282947,0,0,0,0
6.52272495126045,0,0,0,0
0,0,0,0,0
0,0,0,0,0
3.87286629022695,0,0,0,0
5.09840194135303,0,0,0,0
3.64178784658009,0,0,0,0
0,0,0,0,0
4.73065680602951,0,3.65842024662923,0,0
0,0,0,0,0
4.96417241968591,0,0,0,0
0,0,0,0,0
0,0,3.55990907281698,0,0
4.85779486662447,0,5.99495843636224,3.88547367019461,6.13571639475599
5.20125565370491,0,0,0,0
5.63185673508461,0,0,0,0
6.292790615475,0,0,0,0
4.80639527320128,3.83362893800013,7.20871876173983,3.51363281099194,0
5.83100232466692,0,8.16012102573825,5.65515229768813,6.53351263700268
5.9180332690221,0,3.1027913458474,0,0
5.78717341688503,0,0,0,0
4.69446229346685,0,0,0,0
5.57234412817682,0,0,0,0
3.6157709822933,0,0,0,0
0,0,0,0,0
4.90616327249954,0,0,0,0
4.77710464989556,0,0,0,0
4.22551901277291,0,0,0,0
5.03122192770464,0,0,0,0
5.55867962834485,0,6.28286469892817,0,0
5.18285039673932,0,0,0,0
5.04664573161929,0,0,0,0
0,0,0,0,0
3.83211362219984,0,0,0,0
3.61603990793698,0,0,0,0
4.73435464436892,0,0,0,0
0,0,0,0,0
0,0,0,0,0
0,0,0,0,0
3.18593932462194,0,0,0,0
0,0,0,0,0
0,0,0,0,0
6.34532052148292,0,0,0,0
6.11637765880678,0,0,0,0
0,0,0,0,0
6.91728968176506,0,0,0,0
6.09198838487428,0,0,0,0
0,0,0,0,0
6.54375355965694,0,0,0,0
5.51588540352906,0,0,0,0
5.86286383581367,0,0,0,0
6.56943934379276,0,0,0,0
0,0,0,0,0
5.02611486494464,0,0,0,0
6.26545329242776,0,5.44470945476311,3.11395965491864,0
0,0,0,0,0
6.49045035606976,0,0,0,0
0,0,0,0,0
4.68462810732281,0,0,0,0
0,0,0,0,0
5.71811263896436,0,0,0,0
6.49668448835314,0,0,0,0
6.72070254781228,0,0,0,0
5.84560027332436,0,0,0,0
3.90177062896379,0,0,0,0
0,0,0,0,0
5.97736562272848,0,0,0,0
4.58455923208397,0,0,0,0
5.80823257601267,0,8.38780406489232,0,0
0,0,0,0,0
0,0,0,0,0
0,0,0,0,0
0,0,0,0,0
4.66003708742893,0,0,0,0
5.67390728903738,0,0,0,0
5.96067023193457,0,0,0,0
0,0,0,0,0
0,0,0,0,0
5.68344370366067,0,0,0,0
9.60677818976483,0,0,0,0
7.66243020283329,0,0,0,0
0,0,0,0,0
7.98757203306592,0,0,0,0
0,0,0,0,0
0,0,0,0,0
4.64487155283964,0,0,0,0
0,0,4.13196142579341,0,0
5.70004215504048,0,0,0,0
6.01520548748978,0,0,0,0
0,0,0,0,0
6.59068558963576,0,0,0,0
0,0,0,0,0
5.47679822395605,0,0,0,0
0,0,0,0,0
0,0,0,0,0
5.46192320514605,0,0,0,0
0,0,0,0,0
0,0,0,0,0
5.67948978208716,0,0,0,0
5.95230783190679,0,4.73074500889616,0,0
0,0,0,0,0
5.89654928931169,0,0,0,0
8.10261367297597,0,0,0,0
8.97359092888014,0,0,0,0
5.98004964429268,0,7.41111510289011,6.03315816165711,0
5.48471394249513,0,0,0,0
7.82131829401698,0,0,0,0
0,0,0,0,0
5.90222341333004,0,0,0,0
0,0,0,0,0
0,0,0,0,0
6.00795286461278,0,0,0,0
5.35701071288725,0,0,0,0
6.33160860576092,0,0,0,0
5.78265526747692,0,0,0,0
0,0,0,0,0
6.84142315029179,0,0,0,0
5.09919547107574,0,0,0,0
4.13324471117966,0,0,0,7.02787336406519
7.00794444623747,8.32501521935891,11.0059275063386,9.76131320264446,10.2399347888448
0,0,0,0,0
0,0,0,0,0
0,0,0,0,0
0,0,0,0,0
0,0,0,0,0
0,0,0,0,0
0,0,0,0,0
6.07348222631762,0,0,0,0
5.71303949591888,0,0,0,0
0,0,0,0,0
5.01919852475674,0,7.20034280002319,0,0
0,0,0,0,0
0,0,0,0,0
4.90483023519928,0,0,0,0
4.36462611999371,0,0,0,0
0,0,0,0,0
3.96233581930174,0,0,0,0
3.93162953506706,0,0,0,0
0,0,0,0,0
0,0,0,0,0
7.81995766494769,0,0,0,0
3.77666136749747,0,0,0,0
5.65616662071454,0,0,0,0
5.96640311651261,0,0,0,0
5.48122208660257,0,0,0,0
0,0,0,0,0
0,0,0,0,0
0,0,0,0,0
0,0,0,0,0
5.7183754769591,0,0,0,0
0,0,0,0,0
0,0,3.4986265269937,3.96385615406816,4.18829017506463
0,0,0,0,0
7.69219092672699,0,0,0,0
5.40398283570282,0,0,0,0
5.13025368150078,0,0,0,0
5.2025770942672,0,0,0,0
5.35389397443678,0,0,0,0
5.08487659069521,0,6.12935517444742,5.12687640085029,0
5.27079199548328,0,0,0,0
5.88106357187231,0,0,0,0
6.2645594928646,0,4.52157116211178,4.76575725063604,3.47072344431077
4.32849399271284,0,0,0,0
0,0,0,0,0
4.93835129851109,0,0,0,0
4.05404326544858,0,0,0,0
5.56631955417047,0,0,0,0
6.20498191502756,0,0,5.04857313343665,0
5.05828194756361,0,0,0,0
4.5176495884586,0,0,0,0
5.70627935485479,0,0,5.04426347507624,0
5.77842601765197,0,0,0,0
5.92307863424152,0,0,5.21275947818639,0
4.63579637952985,0,0,0,0
0,0,0,0,0
0,0,0,0,0
0,0,0,0,0
4.93007578623784,0,0,0,0
0,0,4.93526498707148,0,0
3.302481408723,4.30406509320417,4.13676527810605,5.5677718207255,2.76883167336207
0,0,0,0,0
4.76054868316761,0,0,0,0
4.76992162158858,0,0,0,0
0,0,0,0,0
5.67709620939369,0,0,0,0
3.84865712980633,0,0,0,0
4.84119047511598,0,4.74597506257911,5.68395384702202,0
5.40073856664718,0,0,0,0
5.18127780444668,0,0,0,0
6.51588237689341,0,0,0,0
5.31792389618696,0,0,0,0
5.74402830322473,0,0,0,0
5.09190801422499,0,3.83880694309689,3.5743099993708,0
4.82663232451976,0,0,0,0
5.94743428660176,0,5.01343138139826,5.13867664397714,6.4206136292203
5.39053185053585,0,3.63336674418368,0,0
5.71683031350546,0,0,0,0
4.48356736422884,0,0,0,0
0,0,0,0,0
5.4558765166494,0,0,0,0
5.61342003457581,0,8.70769122949433,8.10670448614704,7.50841429410692
5.55516645032742,0,0,0,0
5.35493396696693,0,0,0,0
5.25248283020424,0,0,0,0
5.07561121955861,0,0,3.56812325297814,0
0,0,0,0,0
0,0,0,0,0
3.63547867738682,0,0,0,0
5.47942985938532,0,3.05964559929764,3.13244609686981,0
4.88272616214086,0,0,0,0
4.71169002936576,0,0,0,0
5.92929654739637,0,5.65248918026865,5.59526884500697,3.92533401948782
4.72437443346657,0,0,0,0
5.27397344315852,0,0,4.31160417037734,0
5.52652805819527,0,0,0,0
5.38600767967502,0,0,0,0
6.12150548015987,0,0,0,0
5.02131143409349,0,0,0,0
4.99592766522398,0,0,0,0
5.49720920805995,0,0,0,0
5.38829517266627,0,5.19639537682265,4.42100693431477,0
4.6745096640667,0,0,0,0
4.4632609398054,0,0,0,0
5.30509435082706,0,0,0,0
0,0,0,0,0
0,0,0,0,0
0,0,0,0,0
5.64953745980381,0,0,0,0
0,0,0,0,0
0,0,0,0,0
4.94228507320802,0,0,0,0
5.05254469717346,0,0,0,0
0,0,0,0,0
0,0,4.11545352543234,0,5.46162598416006
0,0,0,0,0
6.61904601248047,0,0,0,0
5.01023521407492,0,0,0,0
0,0,0,0,0
5.62913076496042,0,0,0,0
0,0,0,0,0
5.94706846480516,0,0,0,0
0,0,0,0,0
5.41458814821342,0,0,0,0
4.96953548321083,0,0,6.16868980647719,0
6.82242612262927,0,0,0,0
5.27253791356055,0,0,0,0
4.49769632768286,0,0,0,0
5.37114952519771,0,0,0,0
5.74748032992192,0,0,0,0
0,0,0,0,0
4.97714744993527,0,0,0,0
4.4706096925924,0,0,0,0
5.02519544542759,0,2.58475198475772,2.62321826558551,0
0,0,0,0,0
6.22116654471944,0,0,0,0
5.31782583293608,0,6.20484055086314,4.88136149172437,0
3.87161759079311,0,0,0,0
0,0,0,0,0
0,0,5.36396464778389,0,0
3.82319179172153,0,0,0,0
4.85771718767154,0,0,0,0
4.63889505538971,0,0,0,0
5.79310506761625,0,0,0,0
5.57272421179979,0,0,0,0
0,0,0,0,0
0,0,0,0,0
4.69409639518249,0,0,0,0
5.35903610158274,0,0,0,0
6.47316512454673,0,6.37698201740645,0,0
4.51895848916903,0,0,0,0
6.40676446784619,0,0,0,0
5.21873288720519,0,0,0,0
4.65700333462811,0,0,0,0
5.70794048480486,0,0,0,0
5.20532449969887,0,0,0,0
5.33189719981123,0,4.27360588571946,0,0
0,0,0,0,0
5.3767587928546,0,0,0,0
4.72543901837904,0,0,0,0
4.94049891190723,0,0,0,6.19564951482089
4.04725295468825,0,0,0,0
4.28647892666197,0,0,0,0
0,0,0,0,0
4.37336422409523,0,0,0,0
5.80030404164682,0,6.52678764247436,0,8.19082295731378
0,0,0,0,0
0,0,0,0,0
0,0,6.55507235631294,5.08239766032315,5.73016471593032
5.32139892599136,0,5.21471834267172,5.88153806772938,0
5.53894713886952,0,5.54036117736273,5.19976694281876,0
4.8512487085848,0,0,0,0
6.16684540622261,0,0,0,0
0,0,5.84730545140838,0,0
4.60126256115707,0,0,0,0
0,0,0,0,0
0,0,0,0,0
0,0,0,0,0
0,0,0,0,0
4.95997337929403,0,0,0,0
4.56964662991904,0,0,0,0
0,0,0,0,0
5.56114306300095,0,0,0,0
4.43045959219547,0,6.80192798773487,0,7.32915278962102
0,0,0,0,0
6.0425853266157,0,0,0,0
6.38330391163433,0,0,0,0
4.69061366780556,0,0,0,0
4.01890236705524,0,5.37495428108674,0,0
0,0,0,0,0
0,0,0,0,5.27356350208181
6.7240487635756,0,0,0,0
5.97571619013984,0,0,0,0
4.31187237475068,0,0,0,0
4.76131886847802,4.15575319035074,6.23666308920302,4.18965474202643,6.41470408331531
5.06240514158101,0,0,0,0
5.72463030716904,0,0,0,0
5.66736050802223,0,0,0,0
0,0,0,0,0
0,0,0,0,0
0,0,0,0,0
0,0,0,0,0
4.74779758423785,0,3.56019344648589,0,0
3.81264456144787,0,0,0,0
0,0,0,4.64612017231705,0
5.18738580584075,0,0,0,0
0,0,0,0,0
5.33806678606532,0,0,0,0
0,0,0,0,0
0,0,0,0,0
0,0,4.27485893148035,4.05108905355114,0
6.00723946622334,0,0,0,0
7.55388946527033,0,0,0,0
5.70101197369353,0,0,0,0
0,0,0,0,0
0,0,0,0,0
5.01747849257825,0,0,0,0
0,4.9192507322944,0,4.75125989185999,0
0,0,0,0,0
0,0,0,0,0
5.90151248690832,0,0,0,0
3.63310243864494,0,0,0,0
6.21362761790823,0,0,0,0
0,0,0,0,0
4.51699449508437,0,0,0,0
0,0,0,0,0
5.41725529061955,0,0,0,0
0,0,0,0,0
0,0,0,0,0
5.31497780744114,0,0,0,0
0,0,0,0,0
0,0,0,0,0
5.81233788121055,0,0,0,0
5.7380228578109,0,6.40600501593582,4.83230575857184,4.22332394347856
5.36471353618772,0,0,0,0
0,0,0,3.72954143583283,0
0,0,0,0,0
5.39847939344702,0,0,0,0
5.50162549002814,0,0,0,0
4.04094378549499,0,0,0,0
0,0,0,0,0
6.16984083153965,0,0,0,0
4.90119238271487,0,0,0,0
0,0,0,0,0
5.05579984605063,0,0,0,0
5.48471394249513,0,0,0,0
4.52526080275979,0,0,0,0
6.10094655772498,0,0,0,0
5.22966372323099,0,0,0,0
4.75384877835945,0,3.81418964507938,0,0
0,0,0,0,0
4.37537959195209,0,0,0,0
3.302481408723,0,0,0,0
5.71548045240201,0,0,3.6438820881832,0
5.79197648539212,0,0,0,0
5.26227559520077,0,0,0,0
3.1904763503465,0,0,0,0
0,0,0,0,0
5.18228904048791,0,3.06385810260159,0,6.059076465518
5.46611732682297,0,0,0,0
0,0,0,0,0
5.17654513461813,0,0,0,0
6.30809844150953,0,0,0,0
0,0,0,4.54944603721573,0
0,0,0,0,0
6.46732598583788,0,0,0,0
5.66970849432245,0,0,0,0
0,0,0,0,0
5.34017882064295,0,0,0,0
4.51349339741619,0,0,4.30770710168121,0
4.81834420626481,0,0,0,0
4.5898534818762,0,0,0,0
0,0,0,0,0
0,0,0,0,0
0,0,0,0,0
0,0,0,0,0
3.94487734229909,0,0,0,0
5.63418227592625,0,4.53977796722104,4.58169682980245,0
4.38576962095272,0,0,0,0
0,0,0,0,0
0,0,0,0,0
0,0,0,0,0
4.61867853601288,0,0,0,0
5.6983678419547,0,0,0,0
5.49970598605922,0,0,0,0
0,0,0,0,0
0,0,0,0,0
0,0,0,0,0
0,0,0,0,0
6.16843849757534,0,0,0,0
6.00089494083707,0,0,0,0
6.16524977287965,0,0,0,0
0,0,0,0,0
5.7836405499016,0,0,0,0
5.86513572501396,0,7.02059277224551,4.82277844580362,7.84294234524015
0,0,0,0,0
6.53838581377014,8.06817110211914,6.92214130214484,7.22768428498371,0
0,0,0,5.20279716469062,0
5.08969290133303,0,0,0,0
4.50369101703824,0,0,0,0
0,0,0,0,0
6.24881626975193,0,0,0,0
4.98982015438234,0,0,0,0
5.44914825625062,0,0,0,0
5.93872283584992,0,0,0,0
6.28808158361734,0,0,0,0
5.06284816554319,0,0,0,0
5.46721590300985,0,0,0,0
5.64023901383742,0,0,0,0
5.18822344375096,0,0,0,0
5.70024288435767,0,0,0,0
5.29796730528374,0,0,0,0
5.37795999420023,0,0,0,0
5.58082356725575,0,0,0,0
0,0,0,0,0
4.26239814721835,0,0,0,0
4.10577893984776,0,0,0,0
3.70770120835452,0,0,0,0
5.10485396933524,0,0,0,0
5.05286429831397,0,0,0,0
4.56549336883519,0,0,0,0
0,0,0,0,0
4.50346963116175,0,0,0,0
0,0,0,0,0
4.85624013994314,0,0,0,0
4.28068580701221,0,0,0,0
0,0,0,0,0
0,0,0,0,0
4.46187701616162,0,0,0,0
0,0,0,0,0
5.24264608167757,0,0,0,0
4.90867639378676,0,0,0,0
5.31340300396608,0,0,0,0
5.02945704833684,0,0,0,0
4.51721290722895,0,0,0,0
5.49647126115864,0,0,0,0
4.77533481251141,0,0,0,0
0,0,0,0,0
4.76260119393692,0,0,0,0
4.74788428818727,0,0,0,0
5.26713624906446,0,0,0,0
5.35252142056155,0,0,0,0
5.74518030335213,0,0,0,0
5.58029570358314,0,0,0,0
5.51096603876959,0,0,0,0
4.85093591533858,0,0,0,0
5.2987672653284,0,0,0,0
5.48467244441441,0,0,0,0
5.1287738221133,0,0,0,0
5.13785514410698,0,0,0,0
4.98251013037041,0,0,0,0
5.83035638671323,0,0,0,0
5.73502271039226,0,0,0,0
5.44794354050385,0,0,0,0
5.11469496402103,0,0,0,0
0,0,0,0,0
5.02912987673242,0,0,0,0
0,0,0,0,0
5.42340697738686,0,0,0,0
4.47722317165747,0,0,0,0
4.72959776436314,0,0,0,0
4.99192806663056,0,0,0,0
5.66313407617839,0,0,0,0
3.70819176514631,0,0,0,0
5.93919709417151,0,0,0,0
6.27293360871782,0,0,0,0
5.98509430010014,0,0,0,0
5.61389423619333,0,0,0,0
5.99819186785741,0,0,0,0
5.59329774148093,0,0,0,0
6.11849359523652,0,0,0,0
0,0,0,0,0
0,0,0,0,0
6.00531814139652,0,0,0,0
0,0,0,0,0
6.24317611873925,0,0,0,0
5.93099772534046,0,0,0,0
0,0,0,0,0
0,0,0,0,0
0,0,0,0,0
0,0,0,0,0
0,0,0,0,0
0,0,0,0,0
7.18959783459495,0,0,0,0
5.70364913243319,0,0,0,0
0,0,0,0,0
0,0,0,0,0
6.21658614080582,0,0,0,0
0,0,0,0,0
6.02349601793865,0,0,0,0
6.09575699258187,0,0,0,0
6.10862516688156,0,0,0,0
5.01170139227825,0,0,0,0
0,0,0,0,0
0,0,0,0,0
0,0,0,0,0
0,0,0,0,0
0,0,0,0,0
0,0,0,0,0
0,0,0,0,0
0,0,0,0,0
0,0,0,0,0
0,0,0,0,0
4.34639945703073,0,0,0,0
0,0,0,0,0
0,0,0,0,0
0,0,0,0,0
0,0,0,0,0
0,0,0,0,0
0,0,0,0,0
5.05535368778452,0,0,0,0
0,0,0,0,0
0,0,0,0,0
6.51808477677261,0,0,0,0
0,0,0,0,0
0,0,0,0,0
0,0,0,0,0
6.70253759495125,0,0,0,0
0,0,0,0,0
0,0,0,0,0
0,0,0,0,0
0,0,0,0,0
0,0,0,0,0
6.11723779802591,0,0,0,0
0,0,0,0,0
0,0,0,0,0
0,0,0,0,0
0,0,0,0,0
0,0,0,0,0
0,0,0,0,0
4.92282359693586,0,0,0,0
0,0,0,0,0
0,0,0,0,0
0,0,0,0,0
0,0,0,0,0
0,0,0,0,0
0,0,0,0,0
0,0,0,0,0
0,0,0,0,0
0,0,0,0,0
0,0,0,0,0
5.64027453339982,0,0,0,0
0,0,0,0,0
0,0,0,0,0
0,0,0,0,0
0,0,0,0,0
0,0,0,0,0
4.74849100543231,0,0,0,0
5.79608814544023,0,0,0,0
0,0,0,0,0
0,0,0,0,0
0,0,0,0,0
4.88052660874924,0,0,0,0
0,0,0,0,0
0,0,0,0,0
0,0,0,0,0
6.91169749821476,0,0,0,0
0,0,0,0,0
0,0,0,0,0
0,0,0,0,0
5.50776759073024,0,0,0,0
5.59046445595898,0,0,0,0
5.47742543227249,0,0,0,0
4.54403918598386,0,0,0,0
0,0,0,0,0
0,0,0,0,0
0,0,0,0,0
0,0,0,0,0
0,0,0,0,0
0,0,0,0,0
0,0,0,0,0
0,0,0,0,0
5.43816626166444,0,0,0,0
0,0,0,0,0
5.54525556642796,0,0,0,0
0,0,0,0,0
5.27683833487091,0,0,0,0
2.71535677628465,0,0,0,0
7.21507084678104,0,0,0,0
0,0,0,0,0
0,0,0,0,0
0,0,0,0,0
0,0,0,0,0
0,0,0,0,0
0,0,0,0,0
6.86550518187531,0,0,0,0
0,0,0,0,0
0,0,0,0,0
6.5216073862592,0,0,0,0
0,0,0,0,0
0,0,0,0,0
0,0,0,0,0
0,0,0,0,0
6.50014787780194,0,0,0,0
0,0,0,0,0
0,0,0,0,0
7.6833944729083,0,0,0,0
0,0,0,0,0
4.02249045845412,0,0,0,0
0,0,0,0,0
5.71161836042398,0,0,0,0
0,0,0,0,0
6.93069025026463,0,0,0,0
6.97617998909598,0,0,0,0
0,0,0,0,0
4.61640681791408,0,0,0,0
4.44112067398159,0,0,0,0
5.36648990165109,0,0,0,0
4.57398906850452,0,0,0,0
0,0,0,0,0
5.23175012227592,0,0,0,0
4.47983369467679,0,0,0,0
4.26042381291463,0,0,0,0
0,0,0,0,0
5.51411399519919,0,0,0,0
0,0,0,0,0
5.67668530677183,0,0,0,0
7.12154320257221,0,0,0,0
0,0,0,0,0
0,0,0,0,0
4.92638374164866,0,0,0,0
5.76503435068796,0,0,0,0
0,0,0,0,0
0,0,0,0,0
0,0,0,0,0
0,0,0,0,0
0,0,0,0,0
6.65397209153581,0,0,0,0
3.91481909273015,0,0,0,0
5.28157804254374,0,0,0,0
6.30521633229281,0,0,0,0
5.95207381950306,0,0,0,0
0,0,0,0,0
5.48608241396043,0,0,0,0
0,0,0,0,0
6.85136480549462,0,0,0,0
6.61375998669598,0,0,0,0
5.91196127724504,0,0,0,0
6.95613583546427,0,0,0,0
0,0,0,0,0
0,0,0,0,0
0,0,0,0,0
5.77302864739302,0,0,0,0
0,0,0,0,0
4.56736447125219,0,0,0,0
4.04076796131871,0,0,0,0
3.92927335883467,0,0,0,0
4.24132675257075,0,0,0,0
0,0,0,0,0
6.13346311680121,0,0,0,0
0,0,0,0,0
5.9827264811647,0,0,0,0
7.76910818850062,0,0,0,0
4.72161899863134,0,0,0,0
0,0,0,0,0
6.95814416451527,0,0,0,0
0,0,0,0,0
0,0,0,0,0
0,0,0,0,0
0,0,0,0,0
4.85171771508132,0,0,0,0
5.71396380192995,0,0,0,0
7.00633284234313,0,0,0,0
0,0,0,0,0
5.39508103498035,0,0,0,0
0,0,0,0,0
5.98179292741125,0,0,0,0
0,0,0,0,0
5.13491569460659,0,0,0,0
0,0,0,0,0
0,0,0,0,0
0,0,0,0,0
6.36178595308056,0,0,0,0
0,0,0,0,0
6.8759446432656,0,0,0,0
0,0,0,0,0
6.63130324625953,0,0,0,0
0,0,0,0,0
0,0,0,0,0
6.33413184039211,0,0,0,0
6.80620969941542,0,0,0,0
8.01202818276226,0,0,0,0
0,0,0,0,0
0,0,0,0,0
0,0,0,0,0
0,0,0,0,0
0,0,0,0,0
4.70510601460069,0,0,0,0
4.74266869917373,0,0,0,0
0,0,0,0,0
0,0,0,0,0
0,0,0,0,0
0,0,0,0,0
0,0,0,0,0
0,0,0,0,0
0,0,0,0,0
4.60045910625797,0,0,0,0
0,0,0,0,0
0,0,0,0,0
0,0,0,0,0
0,0,0,0,0
0,0,0,0,0
0,0,0,0,0
0,0,0,0,0
0,0,0,0,0
0,0,0,0,0
5.15398499565812,0,0,0,0
0,0,0,0,0
0,0,0,0,0
0,0,0,0,0
5.43494396407986,0,0,0,0
3.59401917308998,0,0,0,0
0,0,0,0,0
0,0,0,0,0
0,0,0,0,0
4.4414740933173,0,0,0,0
5.58161484068199,0,0,0,0
4.69290630029218,0,0,0,0
4.98968400734332,0,0,0,0
0,0,0,0,0
3.89202435892146,0,0,0,0
0,0,0,0,0
0,0,0,0,0
0,0,0,0,0
0,0,0,0,0
0,0,0,0,0
4.03300093198105,0,0,0,0
4.53087758140624,0,0,0,0
5.16638469528721,0,0,0,0
0,0,0,0,0
0,0,0,0,0
0,0,0,0,0
0,0,0,0,0
3.81529181646837,0,0,0,0
0,0,0,0,0
4.56694897316789,0,0,0,0
0,0,0,0,0
5.32135006565861,0,0,0,0
0,0,0,0,0
0,0,0,0,0
0,0,0,0,0
0,0,0,0,0
0,0,0,0,0
0,0,0,0,0
0,0,0,0,0
0,0,0,0,0
4.19418989719182,0,0,0,0
5.43681764379314,0,0,0,0
4.92826766366083,0,0,0,0
0,0,0,0,0
5.35743497103113,0,0,0,0
0,0,0,0,0
4.73074500889616,0,0,0,0
0,0,0,0,0
4.69893371580025,0,0,0,0
0,0,0,0,0
5.50853777257176,0,0,0,0
5.09864617141897,0,0,0,0
0,0,0,0,0
5.19904936488937,0,0,0,0
0,0,0,0,0
3.93691072093592,0,0,0,0
0,0,0,0,0
5.17530191565149,0,5.30856468299959,0,0
5.35922430145156,0,0,0,0
0,0,0,0,0
5.5946370273954,0,8.45523906119504,4.84528884150826,9.24081137939127
3.96214561483136,0,0,0,0
5.33020355541036,0,0,0,0
0,0,0,0,0
0,0,0,0,0
0,0,0,0,0
5.78265526747692,0,0,0,0
0,0,0,0,0
5.66285630804356,0,0,0,0
4.12794051165062,0,0,0,0
0,0,0,0,0
7.04185775850549,0,0,0,5.59326051347802
0,0,0,0,0
0,0,0,0,0
0,0,0,0,0
0,0,0,0,0
5.7827784808827,0,0,0,0
0,0,0,0,0
0,0,0,0,0
5.13072677435408,0,0,0,0
5.53607363023009,4.09401117332086,7.91744163178914,4.94570558534367,7.49882543620732
0,0,0,0,0
0,0,0,0,0
0,0,0,0,0
0,0,0,0,0
4.00933118789514,0,0,0,0
0,0,0,0,0
4.78197656209394,0,0,0,0
5.2224617142445,0,0,0,0
0,0,0,0,0
6.23140621669807,0,0,0,0
5.29073872102449,0,4.55377162290209,0,0
0,0,0,0,0
4.78649124244846,0,0,0,0
4.42783617070518,0,0,0,0
4.11103778516376,0,0,0,0
5.68833037009728,0,0,0,0
0,0,0,0,0
5.42040224709827,0,0,0,0
4.45341663076055,0,0,0,0
4.65014355163082,0,0,0,0
3.75793899004543,0,0,0,0
0,0,0,0,0
3.99397158807531,0,0,0,0
5.15767503674557,0,0,0,0
4.43615964325381,0,0,0,0
0,0,0,0,0
0,0,0,0,0
0,0,0,0,0
5.53650715340081,0,0,0,0
3.78168650370014,0,0,0,0
0,0,0,0,0
0,0,0,0,0
5.58514907754498,0,0,0,0
4.32823021006821,0,0,0,0
0,0,0,0,0
5.3698004681699,0,0,0,0
0,0,0,0,0
0,0,0,0,0
0,0,4.99694196696425,0,6.49449486628277
5.30588863204436,0,4.80606812835498,0,0
4.48334147762296,0,6.25461696244143,0,6.51018393299307
4.1227700364058,0,0,0,0
0,0,4.48345442730399,0,0
0,0,0,0,0
0,0,3.94487734229909,0,0
0,0,5.11948969900834,0,0
0,0,0,0,0
4.24635008570297,0,0,0,0
5.2227853039356,0,0,0,0
5.32768197517794,0,0,0,0
0,0,0,0,0
0,0,0,0,0
0,0,0,0,0
0,0,0,0,0
4.43093583937676,0,0,0,0
4.06268188171326,0,7.01516469421096,0,5.28325448887099
3.38777436133001,0,0,0,0
0,0,0,0,0
0,0,0,0,0
0,0,5.91041716825466,0,7.78140987177043
0,0,0,0,0
0,0,0,0,0
0,0,0,0,0
0,0,0,0,0
4.04006435530903,0,0,0,0
0,0,0,0,0
0,0,0,0,0
0,0,0,0,0
0,0,0,0,0
5.11811356572508,0,5.38632824387075,0,0
0,0,0,0,0
0,0,0,0,0
0,0,0,0,0
0,0,0,0,0
0,0,0,0,0
0,0,0,0,0
0,0,0,0,0
5.17093843721821,0,3.58795353552398,0,0
3.56331623113859,0,0,0,0
5.45749823090035,0,0,0,0
4.93734749832642,0,0,0,0
4.98216723011673,0,0,0,0
0,0,0,0,0
5.30930676134764,0,0,0,0
0,0,0,0,0
0,0,4.98408595886272,0,0
6.01844721843787,0,0,0,0
3.365570204019,0,3.98601668533647,0,0
0,0,0,0,0
0,0,0,0,0
0,0,0,0,0
5.91003754841225,0,0,0,0
4.9921318225317,0,0,0,0
0,0,0,0,0
5.56145056607841,0,0,0,0
0,0,8.31460933369237,4.87428087285444,8.21060281164493
5.04025881916233,0,0,0,0
0,0,0,0,0
6.26710566737995,0,0,0,4.24262087885676
5.03889875936911,0,0,0,0
6.05013431827186,0,0,0,0
0,0,0,0,0
0,0,0,0,0
0,0,0,0,0
0,0,0,3.43140322371922,0
0,0,0,0,0
0,0,0,0,0
5.52098080262537,0,0,0,0
5.91174470397475,0,0,0,0
0,0,0,0,0
6.27587251552597,0,0,0,0
5.39798168966098,0,0,0,0
6.27280153199992,0,0,0,0
4.97321030100552,0,0,0,0
5.97149140527502,0,0,0,0
5.80456251593992,0,0,0,0
6.5592894053789,0,0,0,0
0,0,0,0,0
6.21802226352198,0,0,0,0
7.14952429441951,0,0,0,0
5.31748253580905,0,0,0,0
6.11781081342485,0,0,0,0
4.9098568572557,0,0,0,0
4.44804843021588,0,0,0,0
4.05456369221026,0,0,0,0
5.96483819104027,0,0,0,0
5.83898330632491,0,0,0,0
0,0,0,0,0
0,0,0,0,0
4.02463714979728,0,0,0,0
0,0,0,0,0
0,0,0,0,0
0,0,0,0,0
0,0,0,0,0
0,0,0,0,0
5.26217191991168,0,0,0,0
5.2257466737132,0,0,0,0
0,0,0,0,0
0,0,0,0,0
0,0,0,0,0
7.66776172317239,0,0,0,0
4.5509251711357,0,7.48433493485284,0,4.5533504372583
4.55050278464578,0,7.80640736047225,0,5.93362354741813
5.83796365612222,0,8.2238041987626,4.15716285461425,7.0370100398394
5.56164270749508,0,8.04176688600211,3.40019688132857,0
0,0,7.6286975714735,4.03530202158832,7.44214702743064
0,0,8.06461131822507,4.11692111640101,7.96440255902708
0,0,7.86442374670828,3.17345996133772,7.66761673700429
0,3.56076195133349,8.03445279280078,3.96707921117622,7.9178277504635
0,0,8.62790774857995,4.91052025609328,8.1316483507432
0,3.20761263258949,7.65724498508012,3.02626147858881,7.90084778005006
0,0,8.02549676562942,4.2685779421663,7.97744669522154
0,0,8.02872575026091,4.43698819274786,8.02147618878104
0,0,8.32936369372697,0,7.97239704807909
0,0,8.12834033263873,0,7.14543270007338
0,0,8.16224532664589,0,7.74343881055343
0,0,8.44424393231058,0,8.0943265510746
0,0,8.1536087172718,0,7.1353688249678
0,0,7.89534661747299,0,7.61955246203713
2.93545134266906,0,7.71798302630273,0,7.03056565635255
0,0,7.73031538290286,2.45014265735166,6.90048894299009
0,0,8.17951943325703,0,7.96527122994579
0,0,7.59514089355137,0,7.50625655905539
0,0,6.51898503288985,0,6.34356403961489
0,0,4.96605625069829,0,5.28492812942902
0,0,7.89088189104255,0,7.62775371619276
0,0,8.06560141887188,0,7.45651810023979
0,0,7.59626170789249,3.87432113824413,8.59964652964532
0,0,8.45546671277847,0,8.1527020662775
0,0,8.02639239248095,0,8.07842462859881
4.20916023665068,0,7.78714548398791,0,8.38864365443016
0,0,8.46886811907483,0,8.61836072881402
0,0,8.04550173859732,0,7.72465431297771
5.51338842277136,0,7.81561859977191,0,7.17520658249818
5.5570210932608,0,8.01193537195371,0,7.26064908341421
5.16507164740067,0,8.24747938510992,0,7.51433643791249
0,0,7.24621838964067,0,6.75818741532625
0,0,7.67870111274622,3.06898273529358,7.43051144989603
0,0,9.21263773102487,5.51027862845968,8.2753305255938
0,0,8.3351292014491,4.82502834631077,8.05206724690124
0,0,6.79941254314511,0,7.52401601562351
0,0,6.95249917279153,4.13580635202969,7.39184054495794
0,0,7.55601492021617,0,7.01678904000626
0,0,3.29435428604411,0,7.4356739801743
5.27765537009994,0,7.44423110548316,0,6.79874366171284
4.1274569136723,0,8.40382738542027,5.71241180135426,7.22843924854176
5.04155239673098,0,7.29005410905846,2.55100645149252,6.70047277359893
0,0,6.22251674249023,0,4.3892504797632
0,0,0,0,0
0,0,0,0,0
0,0,0,0,0
0,0,0,0,0
0,0,0,0,0
0,0,0,0,0
0,0,0,0,0
0,0,0,0,0
0,0,0,0,0
0,0,0,0,0
5.93534382996865,0,0,0,0
0,0,0,0,0
0,0,0,0,0
0,0,0,0,0
0,0,0,0,0
6.0180577913775,0,0,0,0
0,0,0,0,0
5.45715703586143,0,0,0,0
0,0,0,0,0
5.84629425594482,0,5.71712638074778,0,6.26900158225252
0,0,0,0,0
0,0,0,0,0
0,0,0,0,0
5.9778472511488,0,0,0,0
0,0,0,0,0
0,0,0,0,0
0,0,0,0,0
0,0,0,0,0
5.48259534164038,0,0,0,0
5.18520465791639,0,4.59319881420687,0,3.18469837306661
0,0,0,0,0
0,0,0,0,0
0,0,0,0,0
3.73193894357438,0,0,0,0
5.6147690949959,0,0,0,0
3.59950164296272,0,0,0,0
0,0,0,0,0
0,0,0,0,0
0,0,0,0,0
6.17420268378715,0,0,0,0
6.52646557656518,0,0,0,0
0,0,0,0,0
5.85200131011593,0,0,0,0
0,0,0,0,0
0,0,0,0,0
0,0,0,0,0
5.22977082401293,0,0,0,0
0,0,0,0,0
4.67413639045281,0,0,0,0
0,0,0,0,0
0,0,0,0,0
0,0,0,0,0
4.66870820679208,0,0,0,0
0,0,0,0,0
0,0,0,0,0
4.24849524204936,0,0,0,0
0,0,0,0,0
0,0,0,0,0
0,0,0,0,0
0,0,0,0,0
0,0,0,0,0
4.8219736815561,0,0,0,0
0,0,0,0,0
5.99834085104741,0,0,0,6.63134279878859
4.58016002298392,0,0,0,0
6.16900385381717,0,0,0,0
5.2515925680418,0,0,0,0
0,0,0,0,0
0,0,0,0,0
0,0,0,0,0
5.52744298953979,0,0,0,0
5.21265053979095,0,0,0,0
0,0,0,0,0
4.84678214158534,0,0,0,0
4.06044301054642,0,0,0,0
5.52978616660824,0,0,0,0
5.64611805046166,0,0,0,0
4.55996359315001,0,0,0,0
0,0,0,0,0
0,0,0,0,0
5.13767902058522,0,0,0,0
5.00983497392549,0,0,0,0
0,0,0,0,0
0,0,0,0,0
0,0,0,0,0
0,0,0,0,0
5.26362239675115,0,0,0,0
0,0,0,0,0
0,0,0,0,0
5.30355363334328,0,0,0,0
3.46604835398177,0,0,0,0
0,0,0,0,0
2.6616571615325,0,0,0,0
6.20919346572069,0,0,0,0
4.02141538219934,0,0,0,0
4.63297988662736,0,2.66792241001143,0,0
0,0,0,0,0
0,0,0,0,0
0,0,0,0,0
0,0,0,0,0
0,0,0,0,0
0,0,0,0,0
0,0,0,0,0
0,0,7.80885115147375,0,7.24529123536712
0,0,0,0,0
