0,5.49765990767629
0,0
0,0
0,2.84723226523555
0,5.53992932214529
0,5.43193000587196
0,0
0,5.41075279587782
0,0
0,4.75531284441781
0,0
0,0
0,0
0,0
0,6.73570875279593
0,5.3165501348091
3.65506410561921,5.65501231028677
0,4.40476612164337
0,0
3.00419635196612,4.68398136641238
0,3.92474177783592
0,4.90941434673885
0,4.51019994839686
0,3.78464407609832
0,4.94847616218787
0,3.43977686362963
0,3.23317312956903
0,5.079912569581
0,4.95024814408116
0,5.4735303841047
3.42588999425253,5.72515250039239
3.88916371128206,5.10891077003085
0,4.9199079304633
0,5.14370824832062
2.68170622576261,5.21237814187038
0,4.67572184193904
0,5.02249798663877
0,5.22493989674326
0,5.14113710216041
0,4.23193022517466
0,5.37003319408964
0,4.32134732386203
0,4.70799749578756
0,3.3083508312958
0,4.02356438016105
0,4.19660026292645
0,0
0,4.72481814825399
0,4.69902476145972
0,0
0,4.52363469800557
0,0
0,4.88075437324174
0,4.72072852662236
0,4.48040029903214
0,4.7738153119658
0,0
0,0
0,0
0,4.9072727811011
0,5.02091560350381
0,5.58694898803541
0,6.11587005018419
0,5.84785395818464
0,0
0,0
0,0
3.0521126069901,5.75716525122131
0,0
0,4.59905150497991
0,4.82350218030508
0,5.95339916630119
0,0
3.31163730494951,5.5840224861156
3.9504741918024,5.31064111623687
0,4.34769395559338
0,5.4228332412456
2.57945896672922,5.31978527316328
0,0
0,5.35029292813838
0,5.49970598605922
0,5.63332424434095
0,4.54382655574704
0,0
0,5.97248558051018
0,5.3986150878634
0,0
0,0
0,0
0,0
0,4.35632413732151
0,0
0,3.57990129154419
0,0
0,0
0,0
0,0
0,4.01132520650201
0,5.0982187296514
0,0
0,5.67795171462168
0,5.56225731205482
0,0
0,4.50821865991164
0,0
0,0
0,5.75893331912105
0,5.84221019401822
0,4.52493579327749
0,4.57851815499066
0,0
0,0
0,0
0,4.35875800773453
0,0
0,0
0,0
0,5.3400829157805
0,4.4928969435053
0,0
0,0
0,0
0,0
0,3.99507656056343
0,4.61035671267539
3.47413800606387,5.27898163024129
3.31491301306514,5.42128692889172
0,3.32719196835166
0,4.22551901277291
0,3.69684762376311
2.4748563139345,4.7253503462442
0,0
0,0
0,0
0,0
0,5.97467437780051
0,0
0,6.31896811374643
0,4.47756406138295
0,0
0,5.37546357572469
0,4.6965636144173
0,4.88665811427654
0,4.90756844227555
5.3798051833943,0
0,5.68917632226684
3.53046971736629,4.78080275463125
0,5.10321447538935
0,4.75926372132549
0,5.57443280262835
0,5.639172839879
0,5.57070812043086
0,5.19888369683255
0,5.70774129484338
0,4.992878572507
0,5.32637018099007
0,4.93274582210155
0,4.87596039076965
0,5.27002076739292
0,5.87899549221286
0,4.9152251092916
0,4.92783322733512
0,4.97154790538821
0,5.09043181762281
0,5.05656422598466
0,5.17885792651071
0,5.12384492469748
0,5.29681624042177
0,5.68751758219017
0,4.67730478374729
0,5.217215765111
0,0
4.00332516383493,5.14999135701204
0,0
3.59840755094986,4.21360798304892
0,5.23425873024732
0,5.20136584047159
0,4.1402734941105
4.52461067812967,4.96835390183965
4.37663713738944,4.84481680940132
0,4.27888587575437
0,5.04497230650071
0,3.3403852422654
0,6.07382763753311
0,0
0,5.13515116879382
0,5.12634210180823
0,5.14999135701204
0,5.02827872926885
0,5.52704529615615
0,5.26656866823346
0,5.46696249252575
0,5.82847491861352
0,5.6310684023674
0,0
0,5.38779237297564
0,5.43210497634614
0,5.0982798039483
0,5.12485643818628
0,5.35847128936778
0,5.40703723326228
0,5.1824574804535
0,5.37035891941301
0,5.5164483760387
0,4.87679909311762
0,5.21759526146967
0,5.56091237362317
0,4.53345933843409
0,5.05726439469026
0,5.35955356601861
0,4.47015197431
0,5.01754470239719
0,5.52090076100368
0,5.01176798569219
0,5.40847137503993
0,4.50103114624695
0,5.61115535888094
0,5.25509666409347
0,5.46999918823765
0,5.08666998037225
0,5.09583391793013
0,5.59437675112927
0,5.06928148952899
0,5.12883305855557
0,3.49923112193352
0,5.11984837906957
0,0
0,4.74953023649493
0,5.74492441798738
0,6.2117038852748
0,0
0,0
0,0
0,0
0,0
0,3.87432113824413
0,3.12060125559986
0,0
3.55563373496657,4.76029182285539
0,5.90115683407645
0,4.32757044887782
0,0
0,4.40060302024682
0,3.03254624667671
0,0
4.46521822556065,5.45766878477447
5.25117334673922,6.24352591857958
4.12713438504509,5.59288815720324
3.17136484219715,5.47667273507211
0,0
3.98527346716774,5.07841854539872
0,5.28462403941603
0,5.4850458651602
0,0
0,5.66549199536787
0,6.04360623151093
6.62000653764137,7.31696669424366
6.00714102649299,6.59482377227691
0,6.30384532969252
0,5.03089533310362
0,6.57884835309557
6.91493941119554,7.79488081114311
6.12132985284059,7.49856514717426
0,6.47877074483106
6.97543261887005,7.25984773936278
4.68101949827153,7.13666616719041
6.61499366078706,7.07316801737318
6.8561882629257,7.79229524802345
7.41046808263758,8.46105449278409
0,5.73392363156819
0,6.24050973594484
0,5.77181488504803
0,6.36543898812478
0,5.92977529627514
0,4.16402608542291
5.34701228808679,6.62899330390491
0,4.84213774389537
0,4.4500356890381
0,5.30086412081461
0,6.6012437055931
0,5.85228868295543
0,5.44051113225121
0,5.79617932392217
5.46429779812887,5.94704232955524
0,6.51328945633234
0,6.20370891755319
0,5.1885583025553
0,6.21694536488568
0,6.4589650461356
0,6.28333160029907
5.29971638746174,6.35079845287246
5.35568964640591,5.16512877230429
0,6.04177736098157
0,5.78024956665905
0,5.85119622654503
0,6.07458712250074
0,0
0,5.16558565409408
0,0
0,0
0,5.93674433490775
0,5.75441221560752
0,5.52309957453075
0,5.95378864012698
0,0
6.00778071159292,6.00341782122544
0,5.39585234238457
0,5.91320566413937
0,6.2552892830292
0,4.42352839809889
0,6.06888844407279
0,6.21907809309364
0,5.71702770140622
0,5.92112255167673
0,5.6593776806793
0,5.97368237731218
0,6.02189675422818
0,6.10818034680394
0,6.15979281964888
0,0
0,5.25473113838511
0,0
0,6.61542240831493
0,0
0,5.49753700974287
0,5.22526268564213
0,0
5.43223618411382,6.34175163204863
4.56153172895826,6.0501578934472
0,4.81899040984142
4.56642935767166,5.63628847929299
0,6.01510782885546
0,5.79587536331312
0,4.90253027499114
0,5.51403340203345
0,5.35090981666721
0,5.70558085659758
4.87451006419201,6.07718342251052
5.17626272054073,6.11310679309009
0,0
0,6.04206259987107
0,5.79869863745208
0,5.57473624672111
5.5845483867325,6.35562143139447
0,5.16324192535095
0,5.61203261604663
0,5.71962301487533
0,6.05994061841005
0,5.9372987098642
5.44742678913588,6.33226668189028
0,5.85544434568087
0,4.96200511712819
0,0
0,5.42243584638443
0,6.1799959495045
0,5.12545096852484
0,5.29561371497372
0,5.89365875585426
0,5.67187892564319
0,5.76722664721274
0,5.77966268499152
0,4.99294643122517
0,5.76935171442078
0,5.8110212253258
0,5.48217940286057
0,5.13720920615328
0,5.35861252233179
0,0
0,5.66382815914917
0,5.68694145746017
0,5.50080913013137
0,0
0,5.51165297687116
0,5.549153902879
4.93094252518701,6.8533835669148
0,5.55148563096794
0,0
0,0
0,5.35356284077402
0,0
0,4.83564678466909
0,6.32448440254204
0,0
0,6.34254386468955
0,5.43109847778186
0,5.16729710410963
0,4.91361031152438
0,4.88022284203973
0,5.89081513895805
4.00460218672124,4.9136837680198
0,0
0,0
0,6.07594355368592
0,4.19660026292645
0,5.61261702690409
0,3.76838355522654
0,5.39766484004874
0,0
0,3.93730081261241
0,5.12883305855557
0,4.32783440559045
0,0
0,5.06240514158101
0,5.61538832389361
0,0
0,5.09043181762281
3.69833461288469,5.79630088230073
0,4.99002434019213
0,6.62935004331057
0,0
0,0
0,3.96821428507789
0,4.69373036296757
0,0
0,4.21197943875532
0,4.79529455484507
0,5.31625551167905
0,0
0,4.5110792625885
0,5.33998700171943
0,5.04045296250544
0,3.88506282384536
4.26352459059288,5.40510686072955
0,5.32651602090672
0,4.7917327370393
0,0
0,4.93043701876714
0,5.95319138488649
0,5.2259617043559
0,6.19393589315265
0,0
0,5.02466968306006
0,6.36000630111155
4.68324172140825,5.4211100551349
0,6.37449657130045
0,5.33334661546743
0,5.48757315919489
0,5.17507570969
0,5.58037112974097
0,5.21602212382121
0,5.42292152977257
0,5.43245482547727
0,0
0,5.24460008404205
0,5.17434018672833
0,4.88287767729267
0,0
0,5.93057270209061
0,4.92891896447627
0,0
0,0
0,0
0,3.99599643920432
0,0
0,5.03526286392099
0,2.52812576890798
0,0
0,5.3945816365181
0,0
0,3.61172839492552
0,0
0,3.22843003767301
0,0
0,0
0,2.83790818836042
0,4.74606192468557
0,0
0,2.31154483436552
0,0
0,5.95950937586643
4.79653407076627,6.24309836882182
0,5.63056641232494
0,5.95674369437959
0,5.79745495051884
0,0
0,0
0,4.35053596758251
0,5.13562195088926
0,5.47859516963276
0,6.41445845750044
0,0
0,5.36405828951071
5.28167972539501,5.76264868863424
0,0
0,3.65091794782682
0,0
0,0
0,5.89869114695563
0,5.40213669518703
0,0
0,5.00615862206918
0,6.39526159811545
0,0
0,0
0,5.02526114629158
0,0
0,0
0,5.70461546096009
0,0
0,3.93593482547446
0,6.58874764448745
0,0
0,0
0,6.62621431128712
0,6.15852440098528
0,0
0,3.09285898428471
0,0
0,6.02218771975082
4.75436575234994,6.29705406978889
0,0
0,0
0,0
0,6.4746620037565
0,5.38911739087448
0,0
0,5.24486384581395
0,5.16221123355105
0,6.0206834857772
0,6.40658291224428
5.17637569574279,5.95994807989019
0,6.5897651903648
6.97122760693771,8.10525316620217
0,6.3149781825648
0,7.41589730511893
0,3.87120101090789
0,0
0,4.00460218672124
0,4.42376820625352
0,0
0,0
0,5.39335478188279
0,0
0,4.71965891247279
0,0
0,6.44357466303919
0,6.19685137683293
4.88876893300224,5.70198085270957
5.12485643818628,5.34815460139521
0,5.98713016724043
0,5.12193811920971
0,5.82703202314977
0,5.50857829203123
0,5.14189744727673
0,0
0,5.28942797270212
0,5.62546050788073
0,6.11820732413584
0,4.99788772127375
0,0
5.95280167833059,6.80941451158277
5.9869543916301,6.36739785261011
0,5.60947179518496
0,6.17046810542799
0,5.00199810070059
5.45116720064225,6.55672153636201
0,5.79197648539212
0,5.29360628681792
0,5.89006838522761
4.86360365808075,5.65773853615479
0,5.77780711000417
0,4.66560655479192
3.70426055615224,0
0,5.78708141351151
3.99728284937897,5.28142549887782
0,0
0,4.06027058188835
3.69486152579148,0
0,4.38887810962298
4.25660512501274,4.92427824843972
3.00320428839269,4.86476137827335
4.34107442334245,5.83440129652812
0,4.86081964885856
0,3.93983270606741
4.92573078700581,5.79386690276151
0,3.92474177783592
0,0
4.46429762710668,0
4.40501047106426,5.67699349956599
0,5.96583899946901
0,5.93001458479176
0,0
3.92946991903187,0
0,5.52433677860771
4.45201900649392,4.65557808853194
0,0
5.07922808556187,6.20170521306667
0,3.17971910966701
4.79711198615904,0
0,0
4.55996359315001,5.29886721535347
3.27827616814965,0
0,4.57223368574183
3.78054664263976,4.43923365844346
0,4.87076001196506
4.73549644766367,6.43107339978298
0,4.21493845852052
0,0
4.76464950053341,5.90968491518784
4.73812641323672,5.38939131344741
0,5.27099755589307
0,4.71070068719755
0,0
0,3.40386049908164
0,4.13372551894595
0,3.46323277258161
0,5.26284561723978
3.47320791763843,5.08283191697565
0,4.98319557833747
0,0
0,0
0,0
0,4.84929214368749
0,4.87862655117589
0,4.35040696029342
4.88249884636038,4.6644762918855
0,3.44009753061971
4.53753353727228,5.97246010118028
0,0
0,5.80169532517887
0,3.43977686362963
0,5.45172491317735
0,0
0,4.21493845852052
2.83790818836042,4.79917324755588
0,0
0,0
0,3.63045553397622
0,0
0,4.62751858965185
0,0
0,5.43066055353575
0,0
0,4.53603444715323
0,0
0,0
0,0
0,0
0,0
0,0
0,5.89031736510302
0,0
0,0
0,0
0,6.11893385235379
4.68222381543038,5.35507570036665
0,5.41423199114439
0,5.86346070652362
0,0
0,7.61449466556152
0,5.75972162698031
0,6.31479726567753
0,0
0,6.69542802010178
5.53934012794948,6.40623621453645
0,5.31615728467637
5.03565305707154,6.49965169315093
0,4.95849953967573
0,4.80574087644991
0,0
5.39938367528284,5.62988473681195
0,5.54584128658762
4.0894995105589,0
0,5.25452220654837
0,0
0,0
0,5.81734922686113
4.42735844467196,5.91417845314791
0,5.65920343125823
0,0
0,5.94400599594828
5.1917895031382,5.99997820287319
0,5.19678285572374
0,3.52929738428947
0,5.09307512636951
0,5.83153050919166
0,0
0,5.60086342064836
0,5.49896988002671
0,6.5467136721759
0,6.0070425770713
0,5.05509865080278
0,5.29656583350923
0,3.76769063453823
0,5.66323821934062
0,6.3068590581263
0,5.95207381950306
0,5.6115209762299
3.1646308100158,5.43324153880456
0,4.35401288821868
0,5.36597601502185
0,5.63785632454003
5.09528276815654,6.40332582272138
0,6.1391730923021
0,5.91131141667141
5.0606310804175,6.71944784250338
0,5.24670823281481
4.91507841719804,6.44996476509529
0,6.20105669147046
0,0
0,0
5.56960325318826,6.34139932708981
5.41093151091717,6.69058137382096
0,0
0,6.34388043412633
0,5.54439588914474
0,6.35069372620895
0,7.09982912721877
0,0
0,6.07272190141492
0,6.0859562102007
5.24733981178317,6.1231066561597
0,5.94143361350242
5.96030922110033,6.5983591536236
0,0
0,6.23427346139609
0,4.77339281840254
5.63646676737133,6.62137902025106
5.09073953833792,6.5423134465032
0,5.01774330555563
0,5.22353993959021
0,6.62646606194929
0,5.86075773303153
0,6.78269079782756
0,6.48727297511375
0,6.05966043442073
0,6.2201725878946
0,6.18984398327557
0,5.69110242149883
0,6.19652559087143
0,5.75057063615496
0,5.22181422056192
0,4.41061409152579
0,5.7268477475872
0,6.37815449988981
0,5.92751252061546
0,5.35493396696693
0,5.69977445325866
0,6.11763453596367
0,0
0,5.56628130813371
0,0
0,4.66908351173174
0,5.75491909010358
0,5.71830977393674
0,0
0,0
0,5.85698985257121
0,4.56684507166642
0,6.28594222702652
0,6.32824030908928
0,6.26131991384415
0,0
0,4.82189316949938
0,4.22347043143019
3.22882615572137,4.88257462402874
0,4.49065679919933
0,4.22464156316996
0,5.97566539519901
0,3.51393065164939
0,3.47010136030937
0,5.18301874218457
0,0
0,4.65795237142706
0,6.28562558565747
0,5.28604233567242
0,6.26501600096604
0,5.39212642022609
0,3.3083508312958
0,5.38394445251547
0,0
0,0
0,4.94769549432238
0,6.10737917170434
0,0
0,5.46577906043497
0,5.98516977654523
3.97085779114904,5.41039526995339
2.79850010402428,4.83794718627054
0,0
0,5.48955736884924
3.97706140160737,5.99116450209898
0,0
0,5.03526286392099
0,5.43341627996965
0,0
0,0
3.88403496888798,6.47048985832418
0,4.47175307254774
0,0
0,0
0,4.74875091446562
0,0
0,0
0,3.54356462294908
0,6.28387293292385
0,5.52792001292299
0,5.63378910283567
0,4.63064298196112
0,0
0,5.32198506384822
0,5.29355604944633
0,0
0,4.95130982801144
0,5.24902207482316
0,5.72775938403765
0,5.23824884008192
0,0
0,0
0,5.61367540185006
0,6.17328597886025
0,5.62905892846026
0,0
0,5.69511165820857
6.47880145830507,7.21786153943505
0,5.61232486416737
5.05465217951303,5.37934420519041
6.51425332612144,4.83071086190202
5.45792456105687,6.0473248966046
6.30155614007285,5.98333156387779
0,6.19858033734499
0,6.35193228928541
0,4.76550172489043
0,5.71089048611558
0,6.24405038902215
0,6.26627032474599
5.04953544305381,6.38443525763446
4.94092788167144,6.21055991557562
0,6.75463906391166
0,5.97716276239712
0,6.64158678761064
0,6.34273742613272
0,5.96978115227682
0,6.10358714824493
4.66003708742893,5.83971099188045
0,6.14947206547666
0,6.27081828505901
0,5.29496174273467
0,6.18657892570069
0,5.27877770467342
0,5.47897086624129
0,5.32398511329661
0,5.84762304463187
0,5.76054080847481
0,5.02460394332365
0,5.81048209331526
0,5.2548878086207
0,5.67490277510555
0,5.68391984555995
0,5.95671781077815
0,6.07867382118136
0,5.90077368182348
0,5.05917145775632
0,5.65262952129758
0,5.89814238987661
0,6.07844467360932
0,5.74575580613362
0,5.6949098961526
0,6.14225243623005
0,5.71959020486171
3.66125128699646,0
4.64679186067891,6.08852319744642
4.29278550089594,6.03044484674887
3.99489248325044,5.86711940283515
0,4.86050983551862
0,5.98141421125448
0,5.60333579224668
0,5.976528558492
4.30000279919529,5.82132844517783
0,5.68463363359522
5.38715208024853,6.54460225465959
4.71518983102664,5.81904381499129
0,5.96234464853413
4.23656724261249,5.67249818461644
4.90897164031976,5.77901362533252
5.42635871642892,5.8919204167716
0,6.76826330016354
5.07848084099132,5.63386060035116
0,6.3198146022208
0,6.41107907832057
0,4.69345575085545
0,5.80648947284846
0,5.50162549002814
0,4.95772666066308
0,5.30076437019109
0,4.89769053508012
0,4.9469852670198
0,5.28320372873799
0,4.9686320466158
0,5.61093592428985
4.94513631186356,5.30400118301633
5.7594063784042,5.71860540354784
0,5.72276777456728
0,6.12902842333084
0,0
0,0
0,5.72714086423344
0,6.27365029238925
0,5.36844958872841
0,0
0,0
4.81858658154372,0
0,0
0,0
0,0
0,0
0,0
0,0
0,0
0,4.83747167508707
0,0
0,4.62937487468491
0,4.81607919963396
0,0
0,5.58874566466784
0,0
0,0
0,0
0,0
0,4.24935201776934
0,0
0,0
0,5.2203017695633
0,0
0,0
0,0
0,0
0,0
0,0
0,0
0,0
0,0
0,0
0,0
0,0
0,0
0,0
0,0
0,0
0,0
0,0
0,0
0,0
0,0
0,0
0,0
0,0
0,0
0,5.3945816365181
0,0
0,0
0,0
0,0
0,0
0,0
0,0
0,0
0,0
0,0
0,0
0,0
0,0
0,0
0,0
0,0
0,0
0,0
0,0
0,0
0,0
0,6.13549995390843
0,6.24181462166038
0,6.09724247563693
0,6.66539068122082
6.39721294841817,7.15504495212442
0,7.00422841865005
0,4.46464295085111
0,0
0,0
0,0
0,0
0,0
5.10357903973899,0
4.73532087045314,6.17825526895639
0,6.77262260499064
0,6.08219607906559
0,6.01241847219077
0,5.62984884627808
0,0
0,0
0,0
0,0
0,0
0,0
0,0
0,0
0,6.76157276880406
0,0
0,0
0,5.95586327586501
0,5.67733582464122
0,0
0,0
5.60053084484573,0
0,0
0,0
0,0
0,0
0,0
0,0
0,5.9276724140202
0,5.13432676643881
0,0
0,0
0,0
0,0
0,0
4.96960494453826,0
0,0
0,0
0,0
0,0
0,0
0,5.94570852526978
0,6.39340679054211
0,0
0,0
0,5.48458944308634
0,6.34203338667743
0,5.47067275903014
0,0
0,0
0,0
0,0
0,0
4.46831900323889,6.09517119588163
0,0
0,0
0,0
0,0
0,0
0,0
0,0
4.14138716855541,6.20063087049133
5.21368497570733,6.36214840637552
0,0
0,0
0,0
0,0
0,0
0,0
0,4.9395688456624
0,5.11313171213943
0,0
0,0
0,0
0,5.05726439469026
0,0
0,0
0,0
0,0
0,0
0,0
3.42621514463744,0
6.26294101521283,0
0,0
0,0
0,0
0,4.87839830146972
0,4.34549230994591
0,4.88922067220582
0,0
0,0
0,0
0,0
0,0
0,0
0,0
0,0
0,0
3.94294010806287,5.67304831528634
0,3.76976795784727
0,5.07517381523383
0,4.42520584876782
0,5.03961140233277
0,0
0,0
0,0
0,4.04725295468825
0,0
0,0
0,0
4.98954784176577,0
0,0
0,0
0,0
0,0
0,0
0,0
0,0
0,0
0,0
0,0
0,0
0,0
0,7.32604447254119
0,6.09584708470112
6.49376896833029,0
0,0
0,6.48940248020031
0,5.53820003386652
0,0
0,5.59393040557602
0,5.69150744378059
0,6.48318380113424
0,5.49269100436613
0,0
0,6.06582962906329
0,0
0,6.41720602648708
0,0
0,0
0,6.69696017084879
5.27969504241994,6.82082389879268
0,4.76234486036009
0,5.3147810925787
5.28421844216853,6.33148405614108
0,6.56275477988904
0,0
4.76754410497235,6.5225485766403
5.10370053165993,6.44116980119487
4.91800817832099,6.47878610168598
0,5.40820263007728
0,3.9471970804358
0,7.45020746860484
0,6.22961493052871
0,7.22614355341297
0,5.5626796336782
0,6.55919021800678
0,5.47809402115703
0,6.260174022693
0,4.87999495643732
0,5.55790855883329
0,5.36101043588646
0,5.55520512382641
0,5.51379158355734
0,5.62934624350318
0,6.28084517619534
0,4.80402104473326
0,6.08568322234696
0,0
0,6.05938017190635
0,4.99206390851082
0,5.30340440559659
0,6.93108110428563
0,6.3027654851584
0,6.21818170547548
0,0
0,0
0,4.9427132776108
0,3.902982260776
0,4.76482000351763
0,5.72977505493045
0,6.66259615361025
0,0
0,5.62535235495239
0,6.05093556259997
0,5.71561222640978
0,5.46434015037249
0,5.42217082871503
0,5.59214302844778
0,7.05284214916587
0,6.12448643495699
0,5.41441008553489
0,6.35541297501321
0,5.85853297455543
0,6.00047384126557
0,6.26998603927151
0,5.63878162443879
0,5.81824147329929
0,6.27202758928968
0,5.91047138789845
0,6.46772978152275
0,6.11635559422374
0,6.69916777255193
0,6.26956965649617
0,6.78101222195424
0,6.06793935894269
0,0
0,6.55558446193169
0,5.71952458160481
0,6.00790368105975
0,6.62687667701669
0,5.91762961459862
0,7.32839138992161
0,5.43529282157511
0,0
0,5.10715686108688
0,4.32001824338994
0,5.62916668127541
0,0
0,5.44987898335657
0,5.90022606667371
0,6.63164598288297
0,6.02133883355973
0,6.02460914570028
0,5.83562911554985
0,6.38919985715421
0,5.73831271755302
4.36118596880203,5.98805875397315
0,5.66521488150694
0,0
0,0
4.08412586202777,5.24739242536275
5.05145728861651,6.58532992138609
0,0
0,5.4707148421443
3.41870980674679,6.10197676990541
0,4.99226763673807
0,4.88151321376988
3.84267292729335,0
0,5.69450624987581
0,4.92493215190328
0,5.11996791050648
0,4.63327161609897
0,5.44137820938869
3.9611940494346,6.08506872706721
3.04594998971461,4.95434708974947
0,5.4463924846134
4.34406512838676,5.77808566584868
0,0
0,4.42100693431477
0,4.47756406138295
4.09999523373092,5.54059665617072
3.34144737725638,5.60304090485467
0,5.43612087069523
4.72641389327346,5.79742459735983
0,0
0,5.396260440878
0,4.58802402715312
0,4.42568460401334
0,0
0,0
0,5.39226297939056
0,6.9008011550148
0,6.50235516876156
0,6.72966874181967
0,6.75947566400871
0,5.214881408306
0,6.50298492947331
0,5.81197896513324
5.18593223595325,6.21794253301106
0,4.28675395416645
0,6.31550265652042
0,6.13194362358535
0,5.44587493090565
0,5.4254344816075
0,5.90726738830723
0,5.41182460734163
0,2.84490938381941
0,5.68799178874988
0,6.05793089629036
0,5.96619801986009
0,6.10152898197029
0,5.48963995887241
0,5.66299520175537
0,5.40600517196495
0,6.60280496496384
0,6.50790438165844
0,5.65076840233355
0,4.53012331166518
0,4.86298565883358
0,6.32313958124539
0,5.81612853448774
3.40186382620532,6.67569711027835
0,6.93224299253335
0,4.78440364618281
0,7.21372412452106
0,6.90642439374714
0,6.25816554817102
3.98434366700777,6.48798838616311
0,6.36457862499849
0,0
0,6.69546511598847
0,4.62722517676892
0,6.17848338770356
3.76491414038993,5.98305427974801
0,6.58785299922342
0,5.07160495441927
0,5.75839691459608
0,6.07295236395425
0,6.83463604863133
0,6.35194972288519
0,6.5929486391337
0,6.77529759543994
0,5.55709829545338
0,6.13558653586913
0,6.36043854663373
0,7.20255694686009
4.24949474238244,5.98710505833053
0,0
3.91342202634185,5.93946047386119
0,5.82959246718144
0,6.08556945540979
0,6.89638083456044
0,6.3402182002987
0,4.61650569565184
0,0
0,5.2448110990249
0,5.04619546949481
0,5.30255836080529
0,5.33146196514034
0,5.99602911360556
5.35531187806784,6.67269095677223
0,5.09178508103902
0,4.97355628585484
0,0
0,4.4972508437686
0,5.00923431318063
0,5.5916956845447
0,2.92208573338569
0,0
3.00022217882684,4.88771408058375
0,0
0,4.90682912537067
0,4.51972122415561
0,0
0,5.57503959876348
0,0
0,0
0,0
0,5.67969467912711
0,5.32379016252107
0,4.62281362116069
0,5.12616393866971
0,5.13984904577624
0,4.05265413516789
0,5.61571599578775
0,6.02801342485506
0,0
0,5.1523084524124
0,5.12995788477014
0,5.88240274569073
0,0
4.86937890225423,5.09479260210298
0,3.90761329693945
0,0
0,3.52252966682968
0,0
0,0
0,0
0,6.25124856251718
0,6.17151268831661
0,6.10715650910405
0,6.11290754359585
0,6.16360949745038
0,6.24947318574827
0,5.9315818375066
0,6.5755638665444
0,6.75378791568471
0,6.0115857511042
0,5.86309125714108
0,5.9633222411617
0,0
0,5.54899826085533
3.74809131374578,5.61626187712671
0,6.88319615748143
0,6.71776841867043
0,3.64021428213266
0,4.15950788812851
0,3.04309284491383
4.44359199033204,6.58167881854304
4.2636653068388,5.58296985443945
4.71106056124552,6.54780354365027
0,5.46852416847889
0,5.93375598196255
0,6.15634319029022
0,6.02216347585725
0,5.18777679084867
0,4.67944243036268
0,6.28806300022903
0,0
0,6.04327395828435
0,5.86839254951799
0,5.88663167000223
0,4.73689995666599
4.44359199033204,5.80597798697087
0,6.11509710755326
0,6.13604096821522
0,6.15670352392066
0,6.33358153637964
0,6.01391073593781
0,5.22073413188966
0,4.72446319217607
0,5.90971204523572
0,6.61578402111193
0,6.00134061777819
0,5.51278337666856
0,6.23370459411318
0,5.69997523631325
0,5.83264465009912
0,5.25012452394655
0,4.71858815302365
0,6.82527543724184
0,5.21079676901854
0,4.70754625260496
0,5.49835604414715
0,0
0,5.15196123018669
0,6.21754378507429
0,5.91255661200311
0,6.27412151484324
0,4.34756458111878
0,5.52851597233592
0,6.3070596507871
0,3.55449055107528
0,0
0,5.26408817499738
0,5.92921673362846
0,0
0,7.38277132505141
0,6.03784705328888
0,6.34863186980839
0,0
0,6.41598036590695
0,6.35529135538713
0,6.75738577482487
0,6.16787282152502
0,4.73303555698599
0,5.19417832680689
4.84300528604529,6.211182236854
0,5.5221806587866
0,6.47284076264868
0,5.20735273117394
0,5.67270451908534
0,4.9111832151246
0,4.99937210181754
0,4.36551608254689
0,0
4.12195972925507,6.05837525239061
5.17422698131699,5.91752194589512
0,3.63177986207336
0,5.21531612004463
0,5.8538964465012
0,4.7259708861338
0,6.93386152606662
0,0
4.96598654242737,5.38678601453564
0,0
0,6.87462239732119
0,5.64988931231087
0,0
0,6.44035625480577
0,0
0,0
0,0
4.36602427719638,6.17705159969556
0,3.71989350764311
0,0
4.96911861389332,6.21156346823597
0,5.88543714246245
0,5.12610454390237
0,5.00542172704337
0,5.75225512810698
5.25064907284654,6.19150322470709
0,6.43025159450457
0,5.52664744454955
0,4.97050750300548
0,6.7617232204486
0,6.24885492381738
0,6.30971825822385
0,6.00091970587874
5.44893323485516,6.27287700654617
5.46298398810327,6.11425723569485
3.73409179693548,5.92919012762348
0,6.56351696428987
0,5.17388728816986
0,6.09171703899707
0,5.47750903033306
0,5.32598117053051
0,0
0,5.11883178457329
0,0
0,5.89048331725387
0,3.71770983578181
0,5.85790458264672
0,5.8006974267305
4.74866428562682,6.14919452787387
0,6.40936863598457
0,0
0,5.03974091923491
0,0
0,5.88702027823451
0,6.14797672212359
0,0
0,0
0,0
0,0
0,0
0,4.83381855793675
0,4.14820123501281
0,0
0,0
