6.39402544206876,0
0,0
5.50231887233388,0
5.44293705615798,0
5.51181454081044,4.74719044600852
3.41870980674679,0
4.12244599233298,0
5.04992010775916,0
5.14993336078178,0
5.13137691179238,0
0,0
5.19517660762852,0
0,0
0,0
7.41053461804805,10.3403544237838
5.86391522616101,8.05206724690124
5.20543423906798,8.19912063764039
5.77393023455828,0
0,0
5.22510130421678,0
6.07566781839006,0
4.72579362831183,0
6.16699224448053,0
3.92058623608863,0
6.53879084191067,9.75495854147692
6.27932785313597,0
5.02539253507116,0
3.44137917129499,0
4.47403591796329,0
5.65525727538047,0
4.88514765405432,0
0,0
0,1.4655675420144
4.89873492159803,0
5.31689375212097,0
3.86009793256323,0
5.4974550693954,0
5.04882983989422,0
4.45271806279641,0
0,0
0,0
6.00482489880982,0
4.81169643147886,0
5.22068009682088,0
6.2706859286419,0
6.83306405984988,0
5.73853810594648,0
6.17651155315535,8.06473395529967
4.65138560978505,3.31962572796834
5.36143300086211,7.6592609862917
5.03220107201082,3.4797004431501
5.34343412535116,0
5.22440168359787,0
5.41418746259045,0
4.93670166571813,0
5.2795422112217,0
0,0
0,0
5.25832835833167,0
5.90301577392287,0
6.51616348980648,0
0,7.04941107905008
5.24121777450746,7.05144861373195
0,0
0,0
5.91074244202962,0
0,0
5.61290910430668,7.64217395302254
5.47130381986431,0
0,0
0,0
6.01803344715013,10.0746386177168
0,0
0,7.47711204063782
4.61462534475885,5.80666993483163
0,0
5.30940566353346,0
5.28345750364101,0
5.7827168760775,0
0,4.09866853370216
0,0
0,0
0,0
0,0
0,7.46661649658667
0,0
0,0
0,0
0,0
0,4.03988837642604
3.90358752660704,0
0,0
0,0
0,0
0,0
0,0
0,0
0,0
0,0
0,0
0,0
4.95314741422363,7.53357070763176
0,0
0,0
4.22668774920981,0
0,0
0,0
0,0
0,6.64653336178748
0,0
4.55387689160054,0
5.23142942100641,0
5.42084468582773,0
0,0
0,0
0,0
0,0
3.89141205152402,0
0,0
0,8.97841966387092
0,0
0,0
6.82185964295836,0
0,4.17530992104521
0,0
0,0
0,0
0,0
0,0
0,6.61607857192407
0,0
0,0
0,0
0,0
0,0
0,0
0,3.25540059955057
0,0
0,0
0,0
0,0
0,0
0,0
5.72977505493045,0
5.96934674185436,0
0,0
4.08849414854393,0
3.42848824189806,0
3.97912074896064,0
3.87036733015931,0
3.88547367019461,0
4.32386772050035,0
4.24147062711239,0
0,0
5.43860091199509,0
3.96651119071222,0
5.12014718087656,3.48492559719287
4.14345213632913,0
4.355169180504,0
4.17469491487576,0
0,0
4.36411721413031,0
0,0
4.33990170837321,0
4.45155269732249,0
3.6283329542459,0
0,0
4.42508612413433,0
3.62567337821014,0
0,0
0,0
4.49969855304586,0
3.65661449352666,0
4.95067295292357,0
3.29620716780452,0
4.29606016612269,0
4.69015450989309,0
4.62516887249478,0
0,0
4.11365687325447,0
0,0
3.83124669540086,0
0,0
0,0
3.69386699562498,6.59789576158565
3.87182581567673,8.65234801556242
0,0
3.56755891887738,8.91183190503953
4.15919553454172,0
4.63676574757784,0
4.04041622019655,0
5.74175240590783,0
3.81396906495276,0
4.79123472906088,0
0,0
0,0
3.52282486978385,0
3.96953691162875,0
2.98618686071046,4.15355642185395
3.45157358898722,0
3.53222564406856,4.77634653167705
3.96366623857998,0
3.47165584531072,0
4.02838280654434,0
0,0
0,0
3.78895100783815,0
0,0
0,0
3.27412129909418,0
0,0
0,0
4.72818396188324,7.65173814924458
5.90091053876713,9.20514891967675
0,8.83671834835308
0,8.19383143562512
5.46556758582171,8.6381604852704
4.16309295938319,0
4.65119462429937,7.55133399257359
4.09717388923226,3.24024585060439
6.350571531238,8.31102966013671
0,0
4.0573347365882,0
5.95300954072643,0
0,0
0,7.75929413362659
0,6.90192833527162
0,0
5.13072677435408,0
4.0913400532018,7.83948619534417
0,6.75546619863615
0,0
0,0
0,0
0,0
0,0
0,0
0,0
0,0
0,0
0,0
0,0
0,0
0,0
0,0
0,5.51689048934749
0,5.52285993877595
0,0
0,0
0,5.54290924906812
0,2.77508560243837
5.48138864223254,0
8.23098736211448,0
0,0
0,4.40927694916404
6.3870476553617,8.92784880551138
0,7.60353898086321
0,0
0,0
0,0
0,0
0,0
0,0
0,0
0,0
0,0
0,0
0,0
0,0
6.39112953365134,8.83676484288345
6.50842630622982,8.73455204357366
5.3025085711665,0
4.67170670978834,6.83823369632349
0,4.75943514499952
0,0
0,0
0,0
0,0
0,0
5.10473261747537,7.77942096054473
4.99043258677874,0
0,0
5.90347996943943,8.4221041871508
6.38458713201776,8.32794610843145
5.62043709694485,0
5.06651140465517,6.8624859095346
4.64439089914137,0
4.87718008904558,0
0,5.24460008404205
5.04045296250544,0
5.13521002867789,0
0,0
5.04432793506273,6.71245789914572
4.54244335607979,0
0,0
0,0
4.36080299822225,0
4.91852000518845,0
4.44746318995806,0
5.97817665278105,0
5.68856730884972,7.22042504243559
7.73332010718285,6.9381001799341
0,8.88558205867918
0,0
0,5.82505570877408
0,0
0,0
3.87494399718673,7.373405696737
4.94456671412655,8.99826781047097
4.7295094602437,0
0,0
5.29991608791173,0
0,0
7.09114293395809,0
5.08196321500987,0
4.90808563908046,0
0,0
0,0
4.5395644288901,0
5.57916362799054,0
0,0
0,0
0,0
0,0
4.40121632906702,0
0,0
0,0
0,0
6.66672775856937,0
6.70317584322694,0
0,0
5.62607315362849,0
5.25551424422273,0
4.13548650555328,0
0,0
0,0
6.3466884387794,0
6.02646965630667,0
7.09341293148212,0
0,0
5.74897888744246,5.59430237403738
0,0
0,0
5.25169734591281,0
0,5.55825561369072
0,0
0,0
0,7.01990469779909
0,0
0,0
0,4.14503767653762
0,5.42358344538043
5.84900772680898,5.73553950626939
5.12110274712223,8.63570307396652
0,0
0,7.08039680172279
0,0
5.59378157944187,0
4.02606572146881,0
5.10218082072035,6.32444856410172
5.50280802936304,0
4.69263146175809,0
5.26180897173151,5.80763184911508
5.31576428015176,0
5.45979825747014,0
7.04920275656612,8.61429449347571
4.68222381543038,0
0,9.77479017151386
5.65459223046543,0
5.12116243970544,0
4.56570144207772,0
5.64399708392016,0
5.2240786166125,6.39253668691142
5.40317275465042,7.07621452978294
0,5.19234555297459
5.84591840847664,4.9188123601094
5.36737690247953,0
5.76290007913929,0
0,0
4.58741346439883,0
2.74791173452734,0
0,0
0,0
4.67609452432479,0
0,0
0,0
0,0
0,0
0,0
0,0
0,0
0,0
0,0
0,7.27245394658245
3.87307425528957,0
0,7.42088424801056
0,0
0,0
0,0
0,6.8020836038081
0,0
0,0
0,0
0,7.1299784068366
0,5.67822532179189
0,6.56432086253426
3.87577387275303,0
0,0
0,5.28091685186787
0,6.38608776037122
0,8.75946306295117
0,6.87980837693119
0,4.61927031036687
0,5.79164071517789
0,7.61471660337545
0,7.08693858327559
0,4.47141019580857
0,7.26661084363839
0,0
3.59895474658595,7.5763279649755
0,6.27799595780237
0,0
0,0
3.28989331210348,0
0,0
0,0
0,0
4.89649561335467,7.49158412202991
4.40121632906702,0
0,5.71788259903498
0,0
4.62546288925585,0
0,0
5.1554280389978,5.9075121231111
3.61657754235853,9.10162869187843
3.67478052973443,0
4.70510601460069,0
0,8.23442966970431
4.4414740933173,0
3.4968105458651,0
5.34505781243185,0
5.16695504835121,0
0,0
3.85777799057575,0
0,3.40352799700044
0,9.03832591406928
4.94470914398009,0
5.23116209136063,0
0,0
0,6.36125066275913
0,0
0,6.50711351980167
0,5.76246010427361
0,0
0,0
0,0
0,0
0,0
0,7.3724448134041
0,0
0,0
0,0
0,0
0,0
0,0
0,0
0,8.6327034239891
0,0
0,0
0,6.08313173563381
6.59771852551356,10.3192065757741
5.21965287536435,0
5.57579757651522,11.1413515084837
6.54111657552864,4.48096658252878
0,0
5.55237802049697,6.10139460648018
0,0
7.01308779424796,0
0,0
5.71241180135426,0
0,0
0,0
5.53627070951573,0
6.51512741967546,0
5.39793643157675,0
7.48740335971535,0
6.09047242743803,0
4.80941630019784,0
7.4517293709276,0
6.37128700815257,0
6.04668636473318,0
5.10915244727207,5.43973011949836
0,0
0,0
0,0
7.17904116562236,0
4.76285746182369,0
7.14396509366496,0
5.49532226025255,9.63804956903051
0,0
0,0
6.31819303867857,0
0,0
5.70244825164306,0
0,0
0,0
6.61104591621084,0
6.31562921248092,0
7.02090537691479,11.4259024515493
6.06691982552259,0
0,0
0,0
0,0
0,0
0,0
6.1289412716651,0
0,0
6.96915136784721,0
6.44261978113326,0
7.91760192556426,0
0,0
5.61655289204327,0
6.88784844625676,0
5.84136813760876,4.85117051944523
5.87445308870929,0
0,0
0,0
0,0
0,0
0,0
0,0
0,0
0,0
0,0
0,0
5.11733491275531,0
5.20521474828571,0
4.58476337621043,0
5.29088985071924,0
5.19484395807176,0
4.96925758964228,0
5.05388633609057,0
0,0
5.70794048480486,0
0,0
4.94192809608646,0
4.66720557690754,0
6.73080328027384,7.5576556525388
0,0
6.45092845309296,5.47524942605755
6.69004693015787,0
4.9853858598428,0
5.14871466231681,5.19788911171354
7.95236534426756,0
0,7.53532873610079
7.53326581082627,9.84742500859959
5.10345753305598,0
0,0
6.58217748185868,0
5.77476891322269,6.24414748299949
0,0
4.97990113472639,7.53610790563092
5.70787409255945,7.37681471261546
5.45835070953345,0
6.16793569022376,7.97662974938629
4.19629928474509,0
0,7.36087975341862
0,7.06285978948254
4.4499189007168,0
4.75977790421453,6.59268830631728
5.54400488229714,0
6.7730231657811,7.90134403224523
5.71745524157684,5.78176151597279
5.3732392930653,7.19223472850751
5.10211998421843,6.48527625151471
0,6.21214506765071
6.45064418271834,8.3830924939113
0,0
5.07473621950278,0
5.15300253538318,4.60336856404146
5.48367597349949,8.09276848056682
0,6.81711915872269
0,7.99710480037106
5.97013876039323,7.69143762070533
0,0
5.88518694438767,0
0,0
0,5.14119561077582
0,0
0,0
5.88086812576596,8.38867094632378
5.66898396911351,0
4.89297725062802,0
5.7252830061022,0
4.78490506688528,0
5.64023901383742,0
4.87733244678184,0
5.88635400020536,0
0,0
0,0
4.87565523361135,0
0,6.51492007677399
5.69369846820218,0
5.07904132676032,0
0,0
5.57806806867354,0
4.40244181941647,0
5.66486838115698,0
4.46579316951945,4.829273276797
0,0
5.67791750846115,0
5.21981513839308,0
5.96765841647635,6.1339835548483
4.77718884978615,0
5.63045881023736,0
6.30820772515534,6.36500889908972
5.42816071669679,0
0,0
5.53429816666374,0
6.63639265039733,0
5.28447195972598,0
3.13723183582769,0
5.6383190815119,0
4.48616139940589,0
5.76286865878204,0
5.40685782083749,0
5.2744344260847,0
0,0
0,0
6.79660022961597,0
0,0
6.27470552247077,5.36447956880171
0,0
4.92739860219246,3.38031417074573
5.92639255036427,0
0,0
6.48385630639442,0
6.03889664666784,8.505493010468
4.89342709319071,5.36816986844687
0,9.73807620874411
5.64034556873993,0
6.43318122122164,8.43613063053583
5.42234751496489,5.793562238347
0,0
4.93000352407067,0
0,0
4.07346135130568,0
0,0
5.06404967073089,4.47699584726458
6.2070798320014,0
4.65272148784631,4.19358639687175
0,0
0,6.23912508583527
0,5.60756521691438
0,0
3.56784112573688,0
6.8943457720722,9.31612009975233
7.75598127994216,0
6.92530045819789,0
6.50273007410236,6.56422217299034
6.39077743573095,0
6.08116813018976,0
6.64555900040423,6.11330600289187
4.93706051310419,7.53476265703754
0,7.7387974428419
0,0
7.49659139301983,9.04558010903673
0,7.39612668308605
0,7.30988817476563
0,8.43549928793558
5.54287009709975,0
5.88837921902466,7.16256802545063
0,6.91310096530689
0,0
5.94769550597528,7.58895132842233
5.93330563293445,6.63018194067864
5.89503624243496,0
5.79203752241109,9.04933793907478
6.5315188215341,0
6.840075830292,8.932584867719
5.22526268564213,0
5.87307507760776,0
4.66372207293771,3.68185483917697
0,0
5.58897002244465,0
6.3949610521213,0
0,0
5.95723535555732,0
5.91612119680419,0
0,0
6.25365571967286,0
0,0
0,5.97365692845802
5.0655021955371,8.1410412243094
6.08041362886789,0
5.47579387167879,0
3.89365534806996,0
4.26211633800132,0
0,0
4.78948974544472,0
0,0
5.99911024413353,0
5.68262693258341,0
0,0
5.40609495872147,6.84242711282365
0,5.8181820149647
0,0
8.2097355313027,0
3.54616315191234,5.27243529683393
6.26938033426917,0
5.93727231802456,0
5.59949545666759,0
5.48695228539858,0
5.59975440423215,0
6.29648297280663,0
5.93280206154257,0
6.13649519414636,0
7.16097012255167,0
6.86921193636163,0
5.14469987788244,6.14195138038192
6.92831252344394,0
5.76700763371124,0
6.58309105259937,0
5.60708800382968,0
6.70600622452208,8.52557794095063
4.68379650644328,0
0,0
0,0
4.43497480899198,5.38219885052874
4.7184095815946,0
5.91703729322004,0
4.60527018098843,0
0,0
0,0
6.70785206670718,9.16101041214328
7.1314186951432,0
0,0
0,0
4.18479446514417,0
6.47265536574428,0
6.32902547660227,0
0,0
0,0
0,0
0,0
0,0
0,0
0,7.41261313096834
6.57929287780874,8.64831267773179
6.11370430348131,0
5.45941528689036,0
5.13973186743067,0
0,0
4.89102559109846,7.45592870926006
5.1827942752925,6.18086515485723
0,0
0,0
0,4.08075260870263
0,5.06259503302697
5.21450088045493,0
0,0
5.22353993959021,5.44388848986726
0,0
0,0
0,7.8310097079378
0,6.74782124106581
0,3.24882290123615
4.69244819409515,0
0,0
4.75402113272045,5.90503481910959
0,0
0,0
4.55744944977668,7.93279637448183
0,0
4.03051689947594,0
4.52785708288542,0
6.29788250161491,0
5.16261218438266,0
6.27251845170703,8.68017391427104
0,0
0,0
0,0
5.88335024325353,7.27155776156101
0,0
4.47756406138295,0
0,0
0,0
5.99043902143624,0
5.73269381815062,0
3.63679637424371,0
5.40078369809253,0
3.87722449988545,0
0,0
0,0
0,8.72571354301161
0,0
5.13031283034887,0
3.95220479506098,8.17231411614467
4.37248122183035,0
5.57177373173584,0
5.79526716477838,0
0,0
0,9.83801526223847
0,0
5.45800980528163,0
4.40195180348115,0
5.10455056206934,8.40567374844283
0,0
0,0
0,0
5.59619726397626,7.13094682914438
5.7551724310385,0
5.71903226986308,0
6.23666308920302,0
4.99626588012895,0
0,0
6.57998705232431,7.96550737795612
6.84046096413077,8.69866939099645
6.54476040629859,0
6.69353430283834,0
7.39026784424554,0
0,0
0,0
5.51455714154545,0
5.33204223594966,0
5.31330449635629,0
5.02952246981474,0
5.24301605076295,0
5.18587628720229,0
0,6.01413071760689
5.68731428194889,0
4.72286432880473,0
3.76953735713139,0
5.36714355747789,0
4.21906643135855,0
5.19634001043557,0
4.82189316949938,0
4.8725985294126,0
0,0
0,7.85063730760943
0,0
0,0
4.15528286032718,0
0,0
4.98954784176577,0
4.28661644986922,0
0,0
4.71483144019761,0
3.87182581567673,0
0,0
4.14170513358194,7.42000988127182
3.93866493637457,0
0,0
4.9199079304633,0
4.7202829930886,0
4.25262954118781,0
4.26591407799026,0
4.90512661931526,6.90827514382899
4.80393907416065,0
4.75617305952462,0
0,0
5.07223199231291,0
4.57295686362344,0
4.37739090626935,5.11011857258121
4.55482381155135,0
5.2979172865267,0
4.30311869956901,0
4.45748191308849,0
5.37680501959678,0
4.11414718951828,0
5.82043895005588,0
0,0
5.56532468150863,0
4.86768828477632,0
4.60886335782571,0
4.69125613490122,0
4.62507084769443,0
5.00629254466212,0
0,0
5.35147891466227,4.73444252169223
0,0
4.716711560721,0
0,0
0,0
0,0
0,0
0,0
0,0
3.89873511110121,0
0,5.63210743794931
4.6498567036105,7.44849692273321
4.71662211128223,6.93840086909652
4.94953972806967,6.77912613638496
5.26656866823346,4.54159120434522
6.85150233743134,8.66938023027617
0,8.10380880846353
4.39826901021975,7.4548241106057
0,0
3.47382807269706,0
0,0
0,0
0,0
0,0
0,0
5.20268713553279,0
0,0
0,0
0,0
5.11144547265526,0
0,0
5.9115010029676,0
0,0
0,0
0,0
4.74901075596376,0
0,0
0,0
0,8.15361734809275
0,0
6.39970912224973,0
6.85170331162799,4.41956323820261
5.37601887421189,4.19479303351891
4.95547488291898,0
0,0
0,0
0,0
6.90234064628064,0
6.49134549582443,0
0,0
5.81245749128186,0
6.80041502716147,0
0,0
6.02955481385512,0
0,0
0,0
0,9.28765320307882
6.04576332051536,0
4.90349541853835,0
6.81112322588815,8.20309321892124
0,0
0,0
0,0
0,6.52814795804326
6.39364091991638,0
7.52222714988694,0
0,0
0,0
6.50279004591562,0
5.72286588913247,0
0,4.8907249974237
0,0
0,0
0,0
0,0
0,0
0,8.23578738195594
0,0
0,0
0,6.31195257128494
0,0
0,0
0,0
0,0
5.67438799224675,0
0,0
4.84709623660167,0
5.95565600586919,0
6.3154122495988,0
5.59191938151081,0
7.29532793424871,6.7683437751962
5.26553587702366,0
5.72658712730946,0
4.93691698960197,0
4.87006969554263,0
4.5560849782976,0
0,0
0,0
6.1385042897573,0
4.76686377498608,0
0,0
0,0
0,0
0,0
5.24723457631872,5.65097926899631
5.79493249784491,0
0,0
0,0
0,0
7.38478417316463,0
5.78677467445202,0
0,0
6.85611455582715,7.38940952544785
6.16604790780681,0
4.23844490619586,0
5.31433834260222,5.87664274766064
7.19470708485417,0
0,0
4.53044663979215,0
0,0
3.80332358850481,0
3.3418011717055,8.76312002150743
7.28252060084066,0
0,7.31061031715266
0,0
5.90416221870518,0
0,0
6.84163684377068,3.40949618447685
7.51333274489281,8.55678306718984
5.49995123437436,0
0,0
6.33852340432775,0
5.73110577030509,0
6.62785617384545,0
5.72302939201866,0
6.00751012552645,0
0,0
0,0
0,0
4.37952350445576,0
5.79954709664058,8.58171608743174
4.33112799924035,0
0,0
6.2223381444841,0
4.59522085513442,5.44250428686053
6.33041585115781,0
8.01559816761207,0
0,0
0,6.55855234988211
4.93224122666824,6.86216150092342
0,0
5.75694402277043,0
6.11011387409232,0
6.22866878207053,0
0,0
0,0
5.39435455474498,0
6.58909152581051,0
0,3.93260963903653
0,0
6.50183006504152,3.86890671435452
0,0
0,0
0,0
5.54712866461082,0
6.09532894413827,0
5.32100797646773,0
5.14981735822959,0
4.83770945894266,0
6.02547942569526,0
4.98804879542346,0
0,0
0,0
0,0
5.05043276397032,4.97224090610894
5.63038706907942,0
5.6185150306765,6.08146520175191
4.37626003977954,0
5.60491932385233,8.81973776764656
0,7.06167736125439
6.43110561368328,8.86242551759536
5.82502618194157,0
0,0
0,0
4.17022477255742,0
4.48672443078161,0
0,0
0,0
0,0
6.15680947969482,0
3.84353000898285,0
4.88105797855716,0
6.18280778587239,0
7.13421333126418,0
0,8.21947155746369
7.19299436978278,0
6.30443052071922,0
5.23755836070247,0
0,0
0,0
0,0
0,0
6.31378352579599,5.92055913359221
4.72455194300817,0
0,0
0,0
4.7879916178237,0
5.58319551166708,0
6.11706141951718,0
3.65558116871242,0
0,0
5.52142091706223,0
0,0
4.87298112879746,0
6.15926450738292,0
6.50028315817071,0
0,0
0,0
0,0
0,0
0,0
5.5397722376335,0
4.22785512129627,0
0,0
4.5173220954149,0
5.5126623235059,4.4125558397087
0,0
5.89305206012113,0
5.07922808556187,0
0,0
5.44871816721556,0
5.47512374265388,4.87198606575849
0,0
6.29545048626629,0
0,0
5.861839799314,0
5.16798086482003,0
0,0
0,0
0,0
6.23346910606311,0
0,0
5.49417193762458,5.84643877505772
6.31546649473257,0
0,0
0,0
6.13370168452847,0
4.31788803355764,0
5.1953983125402,0
0,0
5.36620963259096,0
4.47323751472727,0
0,0
6.09404369835542,0
3.91621421004661,0
4.36526188834115,0
5.07548626641587,0
4.90705097783969,0
3.91322228600363,0
0,0
6.00920622858414,0
0,0
0,3.69336935938679
0,0
5.60067866996888,0
0,0
0,0
0,0
4.04392807630808,0
4.30797635316372,0
4.67804883140066,0
5.10242412972399,0
3.36245655334572,0
0,0
4.95159275346247,0
0,0
0,0
4.46418249268711,0
0,8.92875567270557
0,0
0,0
5.67675380226828,0
0,0
4.45945053163869,5.12616393866971
4.6191717056239,0
0,7.54336868114402
5.14598170524434,0
4.38315100233559,0
5.78108296434599,0
5.76866468672528,0
6.17002905502422,8.46622615958874
5.61677109766657,0
6.2999597655217,0
0,0
6.43823153457325,0
5.76766453036749,9.72704269407491
5.80112089921112,9.6972810069359
5.41765474913666,9.42736926682387
6.04500531403601,0
5.48972254207503,0
0,0
4.24878091552652,0
4.98927545497485,0
5.99123952179168,0
4.69929784871279,0
5.46484823743567,0
6.36573134304573,9.71246626256564
6.79849829304519,0
5.34901048086356,0
5.18542858446942,9.58552495079381
5.63753582883727,0
3.42816382989197,9.03872727442502
6.47331954562242,0
0,0
0,4.93325016304671
4.74632246574398,0
4.24218968948608,0
0,0
4.62507084769443,4.09184143200398
4.47152450111817,0
0,0
0,0
0,0
4.45248509832244,0
5.15617759938691,0
5.01688240685672,0
0,0
0,0
5.61389423619333,0
0,0
5.18357968907761,0
0,0
0,0
0,0
0,0
0,0
0,0
6.40699549094952,0
5.74255436915674,7.4109941963326
0,0
0,0
3.90318405676094,5.64756479465797
6.65569771750329,0
0,0
0,0
0,0
0,0
6.08929427745016,0
5.72577225088112,5.02414364412105
3.79997350161952,5.88103565333859
6.09112887022093,8.53073903087247
5.47901260159741,0
4.05004430332552,7.3034393752352
4.88318063874314,0
5.04587372952227,0
4.89567327562657,0
0,7.24105821295088
0,7.00825198547376
4.75780543241169,6.99685530655507
5.50390775861466,7.74971032046905
6.0182038442976,0
4.76958232223848,5.10011030052386
0,0
5.7467781051173,9.27183050148569
0,0
0,6.17151268831661
5.48537767768916,0
0,0
0,0
0,0
4.87870262283543,0
0,0
5.33334661546743,0
4.8599674311041,0
4.86699584389465,7.92356187979333
5.50622544521947,0
4.55744944977668,8.94614433082971
0,0
0,0
3.58823004596401,0
0,6.01963889629087
4.74406218485471,0
4.91764242724709,0
4.66833276094573,0
0,0
5.82236519048315,0
4.72019386255687,0
4.17007027275024,0
4.33401741548752,8.97543163144919
5.35469769998414,0
0,0
0,0
6.21068039508421,0
5.65017070520755,0
5.47407576620032,0
5.13797254255745,7.12636858420982
4.89761589428889,0
5.69319327310193,8.28539983819436
6.70100167564753,8.06689806739028
5.01309892353423,0
4.51590171822991,0
5.25702651213016,0
4.96102479354292,0
0,0
4.11529032673756,0
5.46497521887538,0
0,8.11058342844058
5.2252088947274,0
5.94967854641638,9.92667171090811
5.79900174123714,0
0,0
0,8.75551536242913
5.40231695656652,4.2780540442909
4.80802939399959,9.50701687300754
0,8.18178478872299
0,0
0,5.30031536921071
4.57347309924484,0
5.37611139398806,0
6.54368160323372,5.53081701278627
5.80018296894252,0
0,0
4.26955757977876,8.0853728142702
5.13662162754774,0
5.15692659835605,0
0,0
5.25059663033663,0
0,0
0,0
0,0
0,0
0,0
4.66579480780453,0
4.70320392625946,0
0,0
4.7890738239647,9.2474820022568
0,0
0,0
0,0
0,0
0,9.89243166077565
0,0
0,0
0,0
0,0
0,5.6539267429713
0,0
4.64918707140487,4.98995628288785
0,0
0,0
0,0
0,7.24403463986116
4.48277653777402,0
3.44361809754611,0
0,0
4.24892372166743,0
0,0
0,0
0,0
0,0
6.19422170076525,0
3.63151513672437,4.72001557765713
0,0
6.24280675278087,0
0,0
5.35531187806784,0
3.90941961955803,0
5.3386432380196,0
5.66843159735328,0
0,0
0,0
0,0
5.39048625401941,7.69933956360093
5.7803422007083,4.3907385752759
4.28344862131279,0
4.78097052579178,3.12236492448736
5.35455591299523,0
6.44961697749515,6.17873218518369
4.78298158730416,5.47730002207648
5.62014721036094,4.58445714439055
7.00946313178185,4.85101412282308
6.04647343013878,0
5.54759639146687,5.18167118442872
5.70351577242766,0
5.29956658594847,0
3.96707921117622,3.91860132078827
0,0
6.65739468137437,4.03512520256213
7.15048182563206,4.17960440617292
5.55354081132566,0
5.32237563164111,0
6.32346250333427,5.19938061868801
0,0
0,0
5.32130120293841,0
5.10860859132006,0
4.19539580629183,0
3.98452969621489,7.05511437670954
0,0
5.80048562322284,0
0,4.94648780760578
5.97944257188066,0
0,8.10667131940122
5.74498839546732,8.06704552137784
6.27915911948164,0
3.55563373496657,7.44495600160339
0,0
0,0
5.51060217452737,6.21959563993323
5.72384650569194,0
5.33358798062996,7.73695753998591
0,0
6.43523648937073,0
0,0
6.40514580998749,4.12455040427917
0,4.20573685011165
6.3985117363988,8.52692963801166
0,0
0,0
4.92935292947657,0
6.84009723050814,0
5.35361015229675,0
5.64406785532854,3.41114771251532
7.69528948609881,11.6212783988753
7.56132968442226,0
7.57201932898301,7.43000143944756
5.77947728235827,0
4.74831769520658,0
6.59352387129682,9.65701779841835
5.29028519485077,0
5.33431172677141,4.83071086190202
5.81505547706563,7.96796625203243
0,0
0,8.46722323156149
0,7.39171728523105
7.18363548254161,0
4.77043035485375,7.36707705988101
0,0
3.13375357145137,0
3.70302887721836,5.80958289354241
0,8.50362353871247
5.37611139398806,0
5.99645208861902,0
6.69542802010178,0
5.38141693571761,0
4.78080275463125,3.60059453924636
3.80688468730484,0
6.37130410757717,0
5.54888151343824,0
0,0
5.8640288237983,0
4.00441985469411,0
3.56473246137105,0
5.5090643975257,8.27524136827055
0,0
3.98731598946358,0
0,5.48546061362121
6.58270357906035,0
3.86430226921673,0
3.65428800934432,0
4.43935170129315,6.0594736014722
0,0
6.31703832497336,0
0,0
5.66407097441997,0
5.72580485869069,0
6.41483505908498,0
6.34122312805493,5.79215958527361
0,0
5.82558704272996,0
0,0
6.31911224750281,8.09296413639661
6.75180297720825,0
0,0
0,0
0,0
8.49391432900997,0
6.72351989198291,0
0,0
7.02757180125801,0
6.47191343421526,0
7.25539351458752,0
0,0
4.87778938076283,0
5.10975638496406,0
5.47248073564053,5.66160539575702
0,0
6.3006573460471,0
6.22376603620696,0
8.02793986997753,0
7.58357825840888,0
6.39337333901337,5.98652737932817
7.21318640099375,5.6080788841427
6.12258052496552,0
7.3526397984505,0
6.0114142224156,0
6.65145558775902,0
5.13279392802996,0
5.37412032996354,0
5.76154811150634,0
7.18371137004601,0
4.57964722875701,0
6.04232399739879,0
3.37861088298936,0
6.57759706688831,0
5.28786290864418,0
6.04006421694404,0
7.39521810556118,0
7.30816094299433,0
7.53030294094574,7.19988743510753
5.0738604531513,0
7.61291501897508,0
0,0
6.59714570188665,0
6.77562861355194,0
0,0
0,0
0,0
3.25886547308436,0
4.85156140402199,0
5.60082647324299,4.60626958143139
0,0
0,0
0,0
