5.58372184725576,0
5.53441662902246,7.33991424787952
6.81597984459794,0
5.64109113531628,0
7.24273354303902,0
5.99358729248896,8.21355516372971
5.47155613273361,8.24524272579231
6.11465515766318,6.67863138098889
0,0
5.36049372497471,0
6.19843806525955,0
5.88776931076922,0
0,0
0,6.76766528280321
5.56475026596064,0
6.07403482700862,8.38876646208623
0,8.12862059797808
0,0
6.20370891755319,8.06658426313879
0,0
6.9097932010077,0
7.00102701894258,9.30493211194622
5.98981318435875,0
6.4429381764237,0
7.01740757177503,9.92954995823872
0,0
4.7740687224499,6.19611820910835
7.26467419315771,0
0,8.69752109553806
0,5.2362823756285
0,0
6.30773407641168,0
6.57161098858068,0
6.28056436408488,0
5.7160403720517,10.1196024607079
6.80672979791387,0
5.16169548900507,6.7239646436205
3.77940548081331,0
5.36176153910457,0
4.21921354426797,0
5.00555574835296,6.8864499231548
0,0
6.12161523157303,8.35759704524637
0,11.1089327723262
0,0
3.49892887015549,0
5.53251954521898,5.44742678913588
5.03161370048145,5.66580365669842
0,0
4.55807857845424,7.6952348887768
0,0
4.74779758423785,8.06489744800732
4.54648118963941,0
0,0
8.87630296874091,0
6.07272190141492,0
5.46043621602447,7.4588606702899
4.46314568595867,0
6.36259697613564,0
5.9566401559538,8.78110395175
4.54169776303252,7.34441539047747
0,0
0,0
7.02324234758887,0
0,0
5.99455975201528,0
5.30920784937921,0
4.71007059581346,0
0,5.3963511068194
5.56712238323013,0
0,0
5.46166844970989,5.69443895965305
6.60746066847951,0
5.12247477585179,0
6.13485035014387,0
6.52684618876986,0
5.02216852990993,0
5.08059658540222,0
3.99948428119814,0
7.07479397891157,0
5.89382415446529,0
3.39282913199164,0
5.20202670622975,0
5.98527040294465,0
5.75770231664563,0
6.03698747490688,8.80018779483073
4.25589635752967,0
5.60532401086924,10.6645410144577
4.58995502018161,0
6.05575303699034,0
5.12050562523191,0
0,0
0,0
6.64098632811056,0
3.79368981846628,0
5.34791672703932,0
6.23726938096527,0
7.75883739859113,7.66601113061329
5.44914825625062,0
5.8711031904368,0
4.79826681595,0
0,0
0,0
0,0
6.70420599992637,12.1043222721265
0,0
3.07176695982999,0
0,0
0,0
5.42256832888589,0
6.26979679586607,0
0,0
0,0
5.35242669219507,0
0,12.1403921392424
0,0
0,0
0,0
6.9034058338443,11.1571558254055
0,0
6.53786482213764,0
5.95749402753683,0
0,6.07672439105881
4.42268861639277,8.03300625289195
6.19405839213198,9.24159676162674
5.58627440119425,0
0,0
4.8268726995059,0
5.54118511070998,0
7.65939304120787,0
6.98542902904387,0
6.32956046484529,0
6.6529275434013,0
0,0
4.12293201907401,0
5.55423783737618,0
5.22418631720496,6.61876568543041
5.46556758582171,6.95484876651422
6.12459585971116,5.05036869631486
0,8.64235868730865
0,6.47823310628018
5.4707148421443,0
0,4.26028263976553
4.15747584366219,6.73442517762564
4.46106884201383,0
0,0
0,0
0,0
4.78890740692321,0
4.34795265434013,0
4.54254982400642,0
6.8720348327409,0
6.60712304735473,0
0,0
5.67825951742511,0
6.62654554899295,0
5.91523124110839,0
5.7959665611974,0
0,0
4.7999142627806,0
0,9.49267316249675
0,0
0,0
6.11739210370577,0
0,0
4.85249890409066,0
0,0
3.89548703678805,0
3.32719196835166,7.31101128214711
5.51108729743469,11.5765197904954
4.7787873021519,8.98552041628103
0,0
8.19544127726673,0
0,0
6.13601933326179,0
7.21109906402354,11.8798645519041
5.21922004518933,0
6.71993060779228,10.6248625528859
7.2539868805575,0
5.16381407320956,0
6.5255134117834,0
7.32446361116965,5.70651207922707
0,0
7.40149374522443,0
7.35767099024017,0
6.80650851246581,6.02762770608747
0,7.85766258859743
5.7959665611974,8.95307498610511
7.83225621470489,0
0,7.69520758899792
0,8.59924679895164
5.84828677743165,9.73490912483404
0,0
0,8.63610625501714
6.49862847504098,0
0,8.7703381654477
7.05809585242091,0
6.88186294701619,0
0,0
0,0
5.06953293534374,0
4.5970372027579,0
4.37172374167799,0
6.42422051545205,0
6.38064782264186,0
0,0
5.89302447429473,0
5.71830977393674,0
5.46001095554602,0
0,0
5.70411575244632,0
0,0
3.51986891137965,0
5.578408198304,0
5.90984768443566,0
0,0
5.4882763504712,0
4.70265980726535,0
5.07041249813212,0
0,0
4.88037473692876,0
0,0
4.60596986615866,0
4.37952350445576,8.63966388946189
6.58766020159148,0
5.82573458540695,0
6.95792544289471,0
7.30571227159998,0
5.58751079632375,0
5.87776379259181,10.2018610178205
5.82150624929743,0
6.35659365369327,0
6.1067333135257,0
0,0
4.06268188171326,0
6.89316942065372,5.56574570997255
0,6.99499662952582
5.72648937719127,8.53671538723832
6.2286885026302,8.11038518201963
5.60650035184965,9.66689775426869
0,0
6.45096003370247,0
6.51625224589003,0
6.1004983081321,0
0,9.6981900588206
0,0
6.21268625285949,0
5.95399629749307,9.21900274505484
6.23490080168995,0
5.32986448204617,0
0,0
5.35342089277406,0
0,0
0,0
5.30380229677861,0
5.92524461318787,0
0,0
6.29450925761668,0
4.83532907219621,0
4.59167959580559,3.13462427242061
5.87028512525626,0
5.04818795014884,0
7.92218128722383,0
6.20744248663728,0
0,0
0,7.91990149649981
5.65424202909607,8.47789919557785
7.12255209299948,9.79576870263734
6.0526537154204,0
5.76475213497922,0
6.46338820691477,5.09479260210298
6.21732440591642,0
6.83813721210127,8.26117514702795
6.77637015290747,8.64901587502864
5.88164968110078,9.51016344332169
6.89729071593425,9.22687295261054
5.69897091765898,0
4.96340391439082,0
5.99271376650841,0
4.90668119637631,0
6.4963676674222,0
0,7.36216926882217
5.31831605305473,0
6.23315503570877,7.33972598936757
0,7.86774897140572
0,0
7.1650451520134,0
6.56696774484325,8.77748145633322
0,0
0,0
0,0
5.83182382453708,8.10949258644589
4.70799749578756,0
0,8.15689167942181
5.39875076386931,0
6.26647922583208,7.09433442602873
7.22668162567306,9.23012339123699
0,7.99681542417663
0,0
8.0641615202334,0
5.62455887586581,6.04370114644349
6.95446709440409,9.35686202463895
4.84788104279483,0
7.44102122473763,9.20212673220168
0,9.72691742452151
6.99166434878924,0
6.73638553159228,9.56533290144905
5.98956273981839,7.33865418834711
0,12.751085180253
7.12586216757888,0
0,7.66882742768985
4.74909735479473,0
5.73405299767445,0
6.58018133486725,0
7.99175803287735,0
4.27053625864052,0
5.42375988223855,9.48435953045878
6.36038668703494,9.59242766942964
6.59430401463639,8.10077430917405
7.30755101318438,9.77288330022474
6.92029631047645,5.2240786166125
6.39240275759242,0
5.97072598195858,0
0,0
0,0
0,5.82941609515358
4.95723451736914,8.40258560866841
3.94371545216064,0
6.58574397720673,10.7768979229055
5.1191907006506,0
7.26943567471928,0
6.4003571081164,7.30485886008626
7.00684920048974,0
5.55311461166404,5.4780104719883
5.24549659036445,0
6.53838581377014,0
6.29430613131759,6.75417277104799
6.83521684369154,9.56026458089138
5.60455128439434,0
0,0
7.11371197887353,0
0,0
0,0
6.67313360533548,8.10000058422651
5.08221149258548,0
6.89660332647075,0
6.80192798773487,9.01674591411852
6.72985991214106,0
0,0
0,10.1950072518691
0,0
5.93444435900853,7.66943922702942
5.69396780126781,0
0,0
5.08599010766768,0
5.75311217578907,0
0,0
0,0
6.46634688109648,0
0,0
0,0
5.9261523934606,0
6.45518283994607,0
6.56093165109378,7.59061977346504
0,10.160460386248
0,0
0,0
0,0
0,9.38656001657867
0,0
7.02675535152637,0
6.91674475231993,0
0,8.46728209924168
0,9.95523524366984
5.03870431402385,6.43898289144715
5.06025051463845,8.18457790718221
4.77592510641058,0
0,0
0,0
0,0
0,0
0,0
0,0
0,0
0,6.64715645520674
0,10.4966099570278
0,8.37927045666136
5.80142326979881,0
0,7.11728660287648
0,10.5130846317021
0,0
0,0
5.42442124334376,8.50617875460309
4.66739352916822,0
0,0
0,4.99029652310073
7.40362765816577,7.52018035446372
0,0
0,8.11770021457836
0,0
5.48005541980358,6.73275882797325
4.40684119104832,5.16398565375274
6.25425179902674,0
0,0
0,0
0,0
6.69959885747618,0
0,10.7538136802328
5.29445993622073,0
0,10.9557539373951
4.49969855304586,0
6.35196715618104,0
0,0
4.69263146175809,9.1735498235791
7.45990900917214,0
5.55074783848714,8.43066533387587
5.25164495834961,7.71844102087261
0,0
5.44220123687661,0
4.79281090425965,0
6.04042136405673,0
0,7.83788579766255
4.26507138131118,0
7.63083012578377,0
5.78741871783987,0
0,6.03956399659847
5.79721209944606,9.74010354308221
5.1072173919425,0
5.39276353683998,0
6.83104700589747,6.55361996459541
7.34903144782592,6.21212501812839
6.49254281941909,0
6.6700689928516,0
0,7.15980499243019
7.68457242690185,9.86798990018297
5.3040508983958,6.45423898359385
6.43911072577403,9.41924705836305
0,6.94109333859265
5.3043988368639,0
6.31824713318168,7.81495279257717
0,5.42437716620877
5.58086126114369,9.50237545630944
0,0
0,8.39289447473816
7.16383831933815,0
6.04616577787807,0
6.47814091064097,7.8909230455384
6.94397148311512,7.16564802262317
0,8.90503457669085
8.18868634666257,0
0,0
0,0
7.68614393785135,0
0,0
5.68473556173597,8.86103960044351
6.8733398021661,0
5.99163953179727,8.56970783964744
7.71741357554038,0
6.84753807416013,0
5.80603817536055,0
6.25586519827039,0
0,10.2407487635495
0,0
5.36966080661617,7.55281454873503
5.50598173101379,0
5.06625919784425,0
6.54708665662964,8.5227397806111
5.136327708726,0
6.26820573577098,0
7.65865236508299,8.45983099210756
6.05067640673983,10.7351785425441
0,8.18208402539207
0,10.0347613988194
4.45620603284813,9.24054556720251
6.30258234503738,10.6776903891026
0,0
0,0
0,7.81357942676735
5.19034232488274,0
5.90762087491241,7.90501751783142
6.05201857819766,9.12086960953957
0,8.37876066497599
7.58635718810005,6.62559128721426
0,0
5.82744449148394,0
6.03720243878184,0
5.90650560788079,0
0,0
6.33921226164672,9.3865113862355
0,0
0,0
8.06465534352075,10.0530405362813
6.28618429691141,9.17478987533079
4.57759341821786,0
6.32718650233849,0
6.67091840053592,8.3841279758286
5.47063067414492,8.76871270977585
5.60683094857975,0
0,9.38636715820739
0,0
0,9.52383637932094
7.7505286334979,0
6.80337206338877,10.091737335953
0,0
5.37282168871614,6.96986585504504
6.38112203723285,0
4.5290447955986,0
6.26727644698928,10.0010950913891
7.50945032788987,9.10992427915519
8.15245727352214,0
6.24265118944683,0
0,8.87682515904786
4.83747167508707,0
6.17796486072335,10.705908332645
6.50978203663227,11.7524225650871
4.79363947336828,0
7.18575058584437,0
6.98969464839357,0
5.9215247989033,0
0,0
0,8.05801080080209
7.30827484469729,8.06157834533689
5.13562195088926,5.7412067033022
5.70701059200763,8.12372384559184
6.53086305036016,6.49108765636598
6.57669238544843,9.81186008322149
6.43388819620168,0
5.33209057665496,0
7.78044933713821,9.62706848036304
7.19568981956116,0
5.91141975609894,8.64687142013009
8.69684619077591,0
7.23047625607843,9.65480757959982
8.20423707070646,8.89583508548053
6.86097808742321,10.1765969575783
6.31062711784943,7.5118854362242
0,0
6.84776108340531,9.55214834818691
0,0
7.63624064543114,8.78840893493397
6.67931019936819,8.61942481719943
6.23967137401586,0
6.80716116374643,0
6.219197550756,8.38847078847136
6.5746294369317,8.70435800070511
6.37550170780253,0
4.99443815919368,7.04152539311041
7.66023683758719,7.85710547474222
5.4292140413498,0
6.55527153966187,8.2884137884834
6.74298676223576,0
8.16175747931246,7.12639269289175
5.1323808390034,0
3.45915177492271,8.14629181569371
5.67579443811603,10.9719189455027
7.09478241382441,8.33801389255476
6.3165146560285,0
0,0
6.74493042033987,0
5.22800219263301,0
8.22931643334777,0
6.09205620984068,0
5.32491061081756,8.11431573245437
0,9.94414953425502
5.79383644049664,9.84390738508728
9.39687802851788,10.3913556575654
0,8.75731499306958
5.94657177821724,0
6.55965772950829,0
6.04904925895891,9.57703693135599
8.71144990666905,10.6545238521282
5.33546863217883,0
6.11093504708415,5.05821838083441
0,0
0,6.07908615453581
6.78506773586729,0
4.60886335782571,9.10919761571934
5.84339947899212,8.55331680581427
6.11286326053854,0
6.48081113919685,0
5.93859105750091,0
5.19617389287933,7.40828205116867
6.24999454709245,7.89055259408856
6.36580012001923,0
6.110424667506,7.91088403948863
7.77245372440665,0
0,0
4.25547085578578,8.42360752378566
6.21678572566997,11.5132594092046
7.3023144664733,0
0,9.50939255899028
5.27479282150108,0
7.62217948956825,9.50918491163407
0,10.7531511837081
0,8.26506614733825
3.86597906692674,8.96157255546806
5.44263413731628,7.79147323114441
7.29789014375867,9.21697829215637
3.38506799973227,9.59598365260385
5.4898464040929,8.66418459035558
5.25143538064791,0
0,5.08586644477257
6.1289412716651,0
6.20271768682884,0
0,10.4702378293722
5.02223442993961,0
6.57177891939358,10.415289399641
6.82494959112522,0
0,0
4.67581502555742,0
5.33729766618892,0
5.30742575891203,0
6.31913026276173,11.8371009772517
6.30561813676556,7.31406003448774
6.92484835640831,9.04727894241068
0,9.74860935813431
7.12982625529337,11.3289978191054
5.19744675616306,8.88420294674147
7.1188181518633,7.56759900483282
4.96389303154412,10.3705744322005
6.23762125273119,10.7131247108911
5.6628215816011,0
8.21136615698165,0
5.71132065769449,10.954253231747
5.56975572126555,0
6.10018441382222,0
6.30140945335873,0
5.97355512656441,0
5.26857954828408,8.73824495647023
5.61272656592747,0
6.37068834401092,0
5.17269745262339,0
0,0
6.98312245800202,0
5.80024350712699,0
6.6803652240205,8.77355331319339
6.81830092034137,9.21102014088094
4.71483144019761,0
6.85401689252866,10.1609861526806
5.20554396639568,0
5.48463094461153,0
5.94130219191492,0
0,0
3.53017676291862,0
7.09643988192468,7.78941729831149
6.00000299062804,0
5.70268186921217,0
0,9.94163557517799
5.16604232723822,0
4.04917284357538,0
6.75625774312037,0
6.90590356561866,0
0,0
5.00950131805505,0
7.60011214732764,0
0,0
4.32717438312573,9.05897547491705
7.34495158525175,8.48906322789829
5.88142644189904,9.14366410081173
5.54619255408143,0
4.2372898382072,0
6.86633935812255,11.4847584737103
0,0
6.1190438863544,8.35716762150061
5.64048762428389,0
5.78508592572024,0
4.61025722503665,0
6.99976912274456,0
5.39612442655095,0
0,0
7.11665385062654,0
3.96613233107518,0
6.32968525426331,0
5.83422577068149,0
5.30315564318829,0
6.28138785611173,0
0,0
0,0
4.39777694476511,8.4204443772736
4.84890037091069,0
4.88067845750816,8.7024770230053
5.57238214304063,6.67496535061612
6.39964263841359,0
5.28589047153991,9.68653728319737
4.94207090222737,0
0,0
6.67013240640309,0
0,0
6.75857058156122,0
6.85590393417657,0
5.79642242590465,0
6.71811903497284,0
5.17936489737074,0
0,0
0,7.83158551721392
5.41707770226888,0
4.38177660341867,0
6.32321135072186,0
6.5284110313253,0
4.98852600850815,0
0,8.9359772077704
0,0
0,0
0,0
5.52457606076239,0
0,0
0,0
5.69177736752877,0
0,0
5.27923647873524,0
0,0
6.89038529041961,6.32281655484415
4.81971689007678,9.46848034204698
0,0
8.98643528076406,8.81668129758165
0,0
5.79727281774354,0
0,7.91280386187193
7.53342094537906,0
0,0
0,7.437930486259
5.89321755910093,9.73336330519755
5.95674369437959,7.65636081799533
6.40385561528688,7.54560642803811
0,0
5.98133845080897,6.34920891900473
0,0
0,0
6.61382707332497,7.36799893425568
4.65652847826323,8.83459764496282
5.97077702841086,8.23427044206418
0,0
3.78781940196884,0
0,11.3564377230061
0,0
0,0
0,0
0,8.1712292507565
0,11.5281883916361
6.15693661180644,0
6.25613384525069,0
5.62155961439837,0
0,0
0,0
4.86645694708034,9.72810208536089
6.14113377162669,0
6.4493165181063,0
6.2651110805953,10.3396467405443
5.23057371446152,8.71776224534943
6.33629461667879,0
0,0
0,10.2384454288066
4.48277653777402,0
5.75795495354459,0
0,9.50957792198717
0,0
0,9.29626115448378
5.75257263882563,0
6.22217936391851,10.3057913355844
7.02627582039206,9.48480041740883
5.76113901701555,10.0254485151553
6.23482240567243,0
5.81401112171089,5.83413799620333
5.97421665369843,0
6.34565390453435,0
0,0
0,0
3.56868726878553,9.31004995112516
0,9.06804151435104
0,8.70648705177894
0,0
4.91939681366198,9.18666634045594
6.29221707774918,0
0,0
0,0
4.01005674569951,3.66765581766231
5.83557068214931,11.1414530043884
0,5.57481209335924
5.964478682023,0
0,0
5.35479221347602,11.3495179054636
0,0
5.82923969201315,0
7.78232361109287,12.3434447780615
5.91263776656201,0
3.99544461356722,9.5304509116473
6.61804448339581,0
5.30121316966006,0
5.78287088097516,0
0,0
5.52792001292299,0
5.71092358280757,0
4.90771624008841,0
5.63828349242351,0
0,10.9389576780383
6.01776562152735,0
0,0
4.19162250168657,0
6.34391558289349,0
4.89873492159803,0
7.3112985415276,0
6.04985137280771,0
5.57070812043086,0
4.64448704836504,0
0,9.21268761504453
6.93179401930804,0
5.12735109379222,0
6.06036074725574,0
6.32750812043764,0
3.74052268726577,9.72449245693031
4.82342179122187,0
5.18043432589132,0
5.64925588863483,0
5.59964343491506,0
6.26158709961619,0
6.513927197268,0
4.85398148405088,0
4.93108690866979,0
6.37548468000465,10.7902320620896
5.71472241469454,9.92735055280066
6.36971260892259,9.24867607824176
6.98701922195869,11.5666936941784
5.93171454270221,0
0,10.2645722591636
5.10691470101789,10.2040809144081
6.40595546642346,0
6.32916816812129,0
6.62438390211744,0
5.07860542053552,0
5.8505632058644,0
5.35790615795969,0
4.75522678219477,0
0,0
5.17025669648052,0
4.39383168012364,0
4.51338379035738,0
5.15732967324706,0
5.48396671343467,0
7.54962495450356,0
6.83434552455614,0
4.49847544731713,0
6.27981514604613,0
0,9.50593852938742
0,5.74897888744246
7.61496314319042,0
6.25232768544921,0
6.47322689583854,9.65743354963881
0,10.2107920889968
0,0
0,0
5.12806271097222,0
0,0
5.58919432989634,0
4.61482344301623,5.82538044640369
0,7.69241452654813
6.61698845356843,9.9512867496694
0,0
0,0
0,0
0,0
0,0
0,0
4.75341776244829,0
0,0
6.24806221668114,8.06741562921518
0,0
5.40492710160629,0
0,0
0,0
5.70334904740685,0
5.74033938662908,0
5.74056431874873,10.3207461762767
6.07975011197534,4.68314922730468
0,0
0,0
4.51184802875672,0
4.40195180348115,0
0,0
5.78695872917814,0
5.80266203421434,0
5.84886357850896,0
6.46212421111585,8.95224816924451
5.98672834900754,9.10039491708548
5.7177511238836,10.5054455503073
4.17699924034429,0
5.23633557419216,8.74043753765047
4.98100048896656,0
4.41243459084526,8.78898975463779
5.5799939420479,0
0,0
0,7.22766976086641
5.21090590953707,0
5.39752901661898,0
5.58176548846776,0
5.24449455985053,7.92430031196171
0,0
4.75445188870385,0
0,0
5.26852803773728,0
6.50338956631727,0
0,0
0,0
0,0
3.3178157727231,0
4.86968598040803,0
6.18812037558509,8.60811740327331
5.12372585581599,0
7.76255351254398,0
0,0
4.35811808962221,0
0,0
0,0
7.09485705894908,0
5.69251928237749,0
0,0
0,0
5.10776200482698,0
0,0
6.08347383039739,0
5.86215281062764,0
0,0
5.48292796814546,0
6.42661789891797,0
0,0
6.55471657305235,0
4.46072228162222,0
5.10812491537351,0
6.39672963521348,0
6.49855319707706,0
6.62001987177475,9.26616289390975
6.46847482237924,0
0,8.34778470094998
0,0
5.81612853448774,0
5.30156209671293,0
7.68361084191497,0
0,0
5.93840653863334,8.53947900755524
0,0
3.90318405676094,0
0,0
6.19587370036594,0
7.23424211270659,0
0,0
5.32320508205582,0
4.77912349311153,0
6.28178064746041,0
5.36550861608836,4.74397514886527
6.69230704263533,9.26341657603529
7.04675171103772,0
6.13867692678837,0
5.29285246111697,0
0,5.06430243534519
0,0
0,0
0,0
0,0
4.98729842873182,0
6.05991727274242,0
6.41083256038514,8.64190505608893
4.92841243383842,0
0,0
0,10.4056104169079
4.91749608935263,0
5.96630057344443,0
0,6.58180350768624
7.03276546906298,0
6.33656020917294,10.8569796523654
0,0
0,10.2553549587622
0,0
5.60101119662026,8.37847120809616
6.17163796496938,0
0,0
6.15249862475868,0
0,7.2406783676795
5.04805952274226,0
4.80868229535307,0
3.62434093297637,0
5.84525310132608,9.59038510273744
0,0
0,0
5.51676993237412,0
4.99029652310073,10.2135644777978
4.58954880508513,8.85916882794188
0,6.05647951722571
6.78911812867366,0
4.43698819274786,0
4.66060489287619,0
4.62487476926243,0
5.26584582640107,11.0383674803748
5.5931115876056,10.068760436418
0,0
0,6.83210457897398
6.4602956141713,0
6.44223757292069,0
6.40251403351005,0
6.17372360194873,0
5.44565920444596,8.03065684688013
5.90593389149099,8.65059932619632
6.91140859748004,7.39569705335889
5.97822732032596,0
7.24975506764351,10.8399083090865
7.21494581782196,10.6971110906486
7.11471253617789,0
6.33183987104992,9.32753656880968
5.92993482831483,4.88552548305341
5.58844644264287,9.36454533604431
10.126831083853,0
5.93531738648498,0
0,0
7.10603220256622,0
6.38034285161175,0
0,3.80555076091763
0,7.39800261470492
0,0
0,0
5.83428428272036,0
4.59653299259243,0
0,5.48591663833736
0,0
0,0
4.70610090456653,0
4.59653299259243,5.74881957313092
0,0
5.64915027900314,6.37499074769739
5.31463353103297,4.58934563564112
6.06874960981752,0
5.61586159328373,0
6.1751809639655,6.26590939277774
0,0
0,0
0,0
0,0
0,0
5.75710204808642,9.64868562140914
3.7059823620136,0
4.54997455052014,4.62673596390265
7.09391114208604,8.54859883089286
8.11679323374776,10.6713286228523
5.52278004742814,9.23241492629449
0,5.74661843977551
7.08219586232522,0
6.96641090477403,0
7.11306881611897,11.4229865341463
5.57473624672111,0
6.49547701394073,0
5.5052095772762,0
0,0
6.75590860954996,8.12761718037186
6.40342518020971,9.06806803118607
5.52795975460208,11.5750830288774
6.2215638509882,0
0,0
0,9.95487909209746
6.70559013405312,0
0,0
7.2900814003314,0
3.96632177883552,7.89149529161983
0,0
6.59201660874783,0
6.21903827070151,10.1625463599949
6.55416129828386,0
7.66677914743501,8.98400046776439
0,0
5.47336251437121,0
0,7.50104897453916
0,9.29838787866466
5.46983072462539,8.1469031237526
5.44406138060074,0
4.67562864963665,0
4.29114413819671,8.93766119120232
0,7.44378655444314
5.89731868921775,7.21899761584293
5.38353129576252,4.75565701926203
4.86753445045558,6.83151118078099
0,0
7.72042176478745,0
0,7.10074473090061
5.06423925018105,8.93794092305556
6.11031368094636,0
0,7.27286356213968
0,0
5.322619659071,5.74357994453027
5.46641321607801,0
5.08121801221814,9.15363350323322
4.75496855107649,8.61647909391469
0,8.73984542205221
0,0
0,0
0,11.6060058879862
7.25990399498836,0
6.58476376769477,0
4.19990505788259,0
6.82427583917085,0
5.65062779985168,0
6.17053081118126,0
6.52874707983633,0
0,0
6.17937462565053,8.93350196061221
5.6375714445438,11.1966463676208
6.13148732502781,7.47712901717342
5.00267032444196,7.74561300691426
5.09840194135303,5.11126463537818
5.90982055806747,9.52118706095842
0,10.866451924608
4.24118285732624,7.66720036954698
6.4540343639103,0
8.7761285068285,10.6149681443679
0,0
0,0
5.22606920234041,0
0,0
4.05975311745248,0
0,0
4.60826539089539,8.23526785047682
4.88340779961187,0
5.58221729570436,4.79958499046943
5.65396177967224,0
5.30171159961605,0
0,0
5.01343138139826,0
7.61516526049309,0
6.09530641019652,0
7.52858979793046,0
4.37626003977954,0
5.17942121160418,0
0,0
0,0
0,0
0,0
0,0
6.62152548479692,9.09660600439125
5.37476901870837,0
7.44489171753792,0
0,11.2541443732649
0,0
3.92809318560564,0
6.23010736186912,0
4.83254477383012,0
3.99415583496667,0
4.30905263471521,0
4.55282370561588,6.48173025690861
0,0
5.29471087095393,6.17705159969556
4.39481945647263,9.13781161374595
6.5648000732552,0
6.1289848484474,0
0,0
6.89197136582633,0
6.02284208280024,0
4.69811393163083,0
0,0
0,0
6.12086868431924,4.97756098636683
0,0
3.83643701847155,11.8171991325149
8.32523333508228,0
5.25478336452431,12.1774570982837
6.47889359306758,10.3522356244939
6.02230893040296,0
8.22801934014887,0
0,0
5.66888042264694,10.0197271755215
6.39215159176305,11.5078546299904
5.01780949784426,11.1412456517802
6.42883198756175,10.9341526727792
3.75863869852879,0
0,6.72983601784941
0,12.2645302151017
0,0
0,7.90337092251436
0,0
0,9.56072960214277
0,0
5.08252175289637,7.55006695508957
0,8.94454894147839
0,0
5.93724592548836,7.75580143075806
7.04355285187936,10.2972477580967
4.84284760707934,7.81396335124806
0,0
6.6474029891356,0
0,0
4.5364629879783,8.72562099529467
6.49935085531529,0
0,0
4.9782498339521,9.66275267719151
5.8807843514539,0
4.44722899791951,0
5.49232042811583,10.3759070113144
4.25532898162792,0
4.69464519241569,7.68344511665945
5.04471460774912,0
0,0
0,7.47948031033691
6.89611782573802,0
5.50752425212337,0
4.77828280369674,0
0,11.2098129532631
6.14718542210476,0
0,10.2444660492705
4.48153254552991,0
7.76617958172678,4.91500506308101
5.22229988012412,0
3.96024157769862,9.66741072581002
0,0
5.20625690069882,10.5556564763675
0,7.09896224336406
0,0
5.63149847907104,0
0,0
5.15681140425386,0
4.27053625864052,0
0,0
6.0169617140065,0
5.17908327862434,9.0638302618468
5.51524161804833,10.1331577588258
4.83445484205906,7.11253932120401
6.93990296019246,11.4965409692008
4.80966084880309,0
6.9857620694281,11.2979088008676
4.87504463978991,0
6.32820460500473,0
4.92129393207118,0
5.46395891559079,8.51420272442373
5.60917871194722,0
6.94206008267413,0
0,0
0,0
4.73558422471002,0
0,0
4.48931029989356,0
5.20422644314844,0
0,0
0,0
4.11887455996538,0
4.81769758483911,9.88685499525427
0,0
7.27026417229684,8.70341878420144
5.46658225635226,0
5.30370283882437,0
5.7570072358935,9.15226836446601
5.62790884207703,6.9047206792383
7.95883211599974,9.88245797284161
4.81818259010284,0
6.84584795986114,0
4.21626716617891,0
3.96366623857998,3.86199207182258
4.03759782833621,0
4.76080547751954,6.6857860378957
5.98916189804531,5.41538903813387
6.81940482400946,0
4.03246915850401,6.16224054301231
5.24755024949438,10.8089700856937
6.57455966835404,7.3810285570955
5.44970709559886,9.53269122670696
5.99216430222226,0
6.3561250216563,10.2540951271596
0,0
0,0
4.99923724914389,0
5.25947258272447,0
6.0045535116497,9.24461618693996
6.13668979926076,8.73281734276909
7.64161244778987,11.2629295955798
4.70916977600658,0
5.32773052711639,0
5.11144547265526,8.69695982049355
6.64549400921051,0
7.12151090126562,6.95193483059389
6.71379424553115,6.9446559953305
6.70025128965561,0
0,0
0,7.77158993543767
0,0
0,0
5.63981268065158,0
5.44871816721556,0
7.08455327563273,0
7.24435607876732,0
5.15311816905583,7.21129839736492
6.43295616978036,0
5.09190801422499,4.61035671267539
0,0
0,9.04033821875336
0,9.92648116166155
0,8.52547083698233
0,0
0,0
0,0
0,8.31471464054561
0,0
0,8.64108376028533
0,0
0,0
6.82450409631982,0
0,9.45212509204093
0,8.71379562270243
0,7.75963974763892
6.27187650621258,0
6.7814888609773,0
0,0
5.86018775382034,0
0,0
0,0
6.96561844442633,7.72447757754577
6.66117676140877,0
5.82132844517783,0
7.31250012776582,0
6.35990253437907,0
0,5.72665228874695
0,0
0,0
5.77796187283045,0
4.69427936105987,0
0,0
5.61473265782269,0
6.6400457540298,0
5.4510384535657,5.61513339372488
6.59224969779576,0
11.2066108803704,0
0,0
0,0
5.90963065288385,0
0,0
0,0
6.37080810551458,0
7.208045039473,0
5.82564606241304,0
6.63431793361346,10.169464514117
0,0
5.94855704609671,0
5.60204501741828,0
3.99654796049783,5.42578667179384
7.11519212325449,5.43555438485312
0,4.08832648989654
0,5.70458215482677
5.31689375212097,3.9982007016692
5.98131319605161,0
4.47972033527068,0
5.81230797645718,0
0,0
0,0
6.33953003581789,6.95419029100433
4.95646065964998,0
5.35181073898804,0
0,0
4.84473811571644,0
5.62336747546856,0
0,0
4.8698394841308,0
4.85779486662447,0
0,6.76988304997344
6.83302095686607,0
6.41411447997025,5.92248953260445
5.16478597392351,7.51146450442807
6.13675465921733,0
0,0
4.69226489283902,6.81896778016701
7.02869776276625,6.6446487390964
6.94100628576604,0
5.49905169634912,0
4.70808771999478,0
5.24312173108009,0
0,0
6.56250058927296,0
5.45924503065432,6.04139691585619
7.64101220046996,4.75272775034571
6.76085491861866,0
6.26509206539264,5.29841736154837
4.69116437915495,0
5.61789773549903,0
4.68628923727288,0
4.15119737381488,0
0,0
6.87389855388794,0
0,0
4.77525045635969,0
5.57511542239774,0
4.80459465068171,0
5.0368227238499,7.58289122674023
4.85849370580343,0
7.33412045119804,0
5.22633789675587,0
5.29996600679356,0
6.49180034451927,0
7.84690279299922,0
6.16095412508656,0
0,0
0,0
0,0
0,0
0,0
0,6.83442085371771
0,0
0,0
0,0
7.32328952276709,0
8.3192860072701,7.73739384207094
6.66965036252777,0
7.6021317037118,0
7.61436641236981,0
0,0
3.68034312309165,6.36717466706474
6.98071759512255,0
8.2806198629903,7.46380471503795
0,7.04770850740878
7.05499355164682,0
0,0
5.13332479187586,0
4.18585967105787,7.03563824926198
6.0310457721921,0
6.07993319509559,0
5.11972883334319,0
7.26811841317788,0
0,0
5.68266097803409,9.7191078792727
6.14225243623005,0
4.900671607492,0
5.53989005333061,0
0,0
6.70487993284042,0
7.87727582897082,9.64426335290083
0,0
6.93943803762274,6.24970493545962
0,0
6.40151910754995,0
0,0
6.84433613111248,0
4.35246908243156,0
0,0
5.78487078933831,0
4.65443642729101,0
7.19854252538733,0
0,0
0,0
4.58312905511121,0
0,4.84284760707934
0,9.5943843437087
5.74062857577686,0
0,0
5.95277569249287,9.1034520231087
5.46692025120105,0
5.40847137503993,9.61208523521359
6.15589789294086,0
5.43092333109606,0
4.92848481106858,0
4.33572088179737,0
6.44454452582399,9.46624535861369
7.8858370110125,9.01646310439599
6.24393386380402,0
0,0
0,0
7.32434494575982,10.9460529858248
6.13710050795518,0
5.17088164323835,0
7.47676112769458,0
5.55237802049697,7.62773911349564
6.34419672856394,0
4.75177820562418,0
4.68342668395386,4.39740773671218
6.08148804975557,0
6.44556107662788,0
6.41981575900285,0
6.24025635180339,0
4.76703390087965,0
4.73584750962971,0
5.84020551576585,0
6.93324757174307,0
5.07041249813212,0
4.824948079826,0
5.78400978067503,0
0,8.7895976532243
0,0
0,11.2841485761636
0,8.57325400311128
0,0
6.23356723282334,0
0,0
5.94900058028872,9.19582148112696
6.3751270292553,8.55903738331469
6.09110624143485,0
4.6097596383219,0
5.70770809265867,6.65981942260843
6.08988352594876,0
5.58424790596101,0
4.61838251746023,0
4.95899106094392,0
6.15392347480569,9.17313993668658
0,0
5.64601210890599,0
6.5225485766403,0
0,0
5.93838017601553,5.77293533334452
5.94209046249018,8.00962891035262
6.50189009085263,9.48155764039672
4.81713144789973,7.28124112456343
7.19493972763973,0
6.22190143724966,7.28773846307561
4.80516792779499,0
6.45219090019841,0
5.28127293193878,0
4.79966731871218,8.53250535951784
0,0
4.82044284292173,8.03342486185078
0,0
5.3810487641455,0
4.996062964913,0
6.67409411093855,0
5.35988272220619,0
0,0
0,0
5.88629845699273,9.08540053742033
4.8672267108009,0
0,0
6.63347631555316,9.38182845806374
7.50494757195835,11.395958970853
0,0
0,0
0,5.08431936689353
5.82020161767076,3.44009753061971
4.58843086198379,0
0,5.20729796816087
5.77690901298031,0
