0,0,0,0,0
4.47072408943517,0,0,0,0
0,0,8.43038179442927,5.37698990519934,8.2058930621655
5.2336188326091,0,0,0,0
5.72779192711655,0,0,0,0
0,0,7.56562755145094,0,7.96150617573822
3.77115044654673,0,0,0,0
0,0,0,0,0
0,0,0,0,0
0,0,0,0,0
5.470293931287,0,0,0,0
0,0,0,0,0
0,7.33604458862065,9.39401101833943,8.67955180806459,9.08749567268678
0,0,0,0,0
5.93521160555718,0,0,0,0
0,0,0,0,0
4.93166423422526,0,0,0,0
5.95718361313111,0,8.10908358971517,0,7.96577124210928
0,0,0,0,0
5.12181882305687,0,0,0,0
5.52533341007612,0,0,0,0
5.71725793805762,0,0,0,0
5.08258379340884,0,0,0,0
5.5228998820565,0,0,0,0
6.12896306029362,0,0,0,0
0,0,0,0,0
2.8530159713524,0,0,0,0
0,6.12060506393107,9.93928414082849,8.2532432704597,9.38190427211718
0,0,0,0,0
6.09514865838486,0,0,0,0
8.24276424042016,8.57496197449853,10.3266124708711,9.70100410391822,9.08803035498464
0,0,8.05797597904988,5.65773853615479,6.0579776799161
5.97041964851223,0,3.71746691096585,0,4.17837929116517
5.34758360785095,0,6.6388295350128,5.20631172075201,3.30064012667084
0,0,4.54912879510447,0,3.1108450806545
7.39343538761288,0,8.2672640888427,6.6679740865149,4.22009576752766
3.3083508312958,0,4.29810139973612,0,0
5.18705055411945,0,0,0,0
6.05846877588846,4.55839299442916,6.17900164595287,5.32105685351753,6.56527905444322
6.51497932198996,0,0,0,0
0,0,0,0,0
0,0,0,0,2.83615020372953
5.74191285001747,0,0,0,0
7.78921022982078,8.36190219500842,10.8993544217183,8.36222918092525,11.7400371328858
0,4.29032244546354,7.39749413129165,6.48753179989843,0
5.41698889626554,0,0,0,0
3.89365534806996,0,0,0,0
5.69548144961681,0,5.63557500894309,0,0
0,0,0,0,0
6.49651854705072,0,0,4.08899695589551,0
4.68296421342811,0,6.05418109696345,0,0
4.89402656866764,0,3.86472173231013,0,0
7.24155967436319,0,0,0,0
0,0,0,0,0
0,0,0,0,0
0,0,5.71673160494241,4.6446793190828,0
4.60616968632117,5.1694038664547,7.50652034894827,6.68431168265893,5.42194992699331
5.51217796426333,0,0,0,0
0,0,0,0,0
6.18379831402866,0,0,0,0
5.55183492171723,0,0,0,0
0,0,0,0,0
4.44218055749363,0,0,0,0
6.31593649600661,0,0,0,0
0,0,0,0,0
5.87865972456092,0,0,0,0
3.78872478908365,0,0,0,0
0,0,0,0,0
6.22331012571609,0,0,0,0
6.91176722037199,0,5.99597934007511,0,7.24755055960028
0,0,8.249039198772,6.62470247491402,6.73822358211657
7.03481955481375,5.1475526146583,7.2493500870877,5.72240793877937,6.16858510210987
5.22762662592527,0,0,2.4932054526027,0
5.88854549310014,0,3.8640924716706,0,0
5.24781323437427,0,0,0,0
5.58161484068199,0,0,0,0
4.58568150940423,0,0,0,0
5.81448867663878,5.18430844993617,7.52520861517288,7.12264082664935,6.44770198058957
6.62908580411971,0,0,0,0
6.03461981742191,0,0,0,0
6.28806300022903,5.54989287185648,7.38307599742216,6.36710598456673,5.15802028100931
5.74773556218466,0,0,0,0
4.85117051944523,0,0,0,0
5.63049467888637,0,7.78818668191578,7.11159367923834,6.92451406279709
5.30056483908852,0,0,0,0
5.65777343955962,0,0,0,0
5.47067275903014,0,0,0,0
0,0,0,0,0
5.30275749457406,0,0,0,0
5.41685567247157,0,0,4.43153082957697,0
6.18744243034942,0,0,0,0
0,0,0,0,0
5.87605369559665,0,0,0,0
0,0,0,0,0
4.80549536722162,0,0,5.64728266741672,0
0,0,0,0,0
5.67887483895002,0,0,0,0
0,0,5.72162239278453,7.26067718909156,6.68074174895089
4.31267655653909,0,0,0,0
5.72316017508244,0,0,0,0
0,0,0,0,0
0,0,10.0768524512872,7.49921851035668,9.93468094044442
7.67519791411988,5.39358209077382,10.2926572757768,0,9.92356955256882
6.74243242215163,0,0,0,0
8.28712320765618,10.8386294788456,12.746864338108,11.3081447795027,11.2353613660845
0,0,6.75473229639859,0,0
6.16312531239802,0,0,0,0
0,0,0,0,0
5.53196555050733,0,0,0,0
0,0,0,0,0
5.8765025286383,0,0,0,0
6.86955484516683,6.79988049408565,9.65560935649821,8.86051335593761,8.25420893479332
7.72266866295382,8.60636822600968,10.2362134948373,9.48825237232721,9.55903757821996
5.2228931439012,0,0,0,0
7.64791485393865,0,0,0,0
0,0,0,0,0
0,0,6.287970078107,0,0
3.76143264679564,0,0,0,0
0,0,0,0,0
0,0,0,0,0
0,0,0,0,0
4.98654749856717,0,0,0,0
0,0,0,0,0
0,0,0,0,0
0,0,0,0,0
3.90156854752429,0,0,0,0
6.19307797987183,0,0,0,0
4.72393052170893,0,0,0,0
0,0,0,5.16329915486995,0
0,0,0,0,0
0,0,0,0,0
5.4743693103284,0,4.05386972965638,0,3.85142338329922
0,0,0,0,0
0,0,0,0,0
6.33246224266141,0,0,0,0
6.51818812602675,0,0,0,0
0,0,0,3.33434507467431,0
4.39469603777454,0,0,0,0
6.12885411240328,0,0,0,0
5.51483904155336,0,0,0,0
5.79304409572428,0,0,0,0
0,0,5.27627623567116,6.00420800325534,7.30331818841209
5.52827763118917,0,0,0,0
0,0,0,0,0
6.12933339436096,0,0,0,0
0,0,0,0,0
5.16889181910758,0,6.06206279595352,0,6.67074097198214
6.3929718333618,5.22585419481432,5.99381179017633,4.97016046153054,7.47247231909194
0,0,0,0,0
0,0,0,0,0
4.24992279404054,0,0,0,5.87341272533185
0,0,0,0,0
5.43764443176914,0,0,0,0
5.78760265407582,0,0,0,0
5.91071533992243,0,0,0,0
5.31846307224099,0,0,0,0
7.00636002573589,6.5269193668194,8.43975043427358,4.85670681180352,8.74188274704967
6.50460249538984,3.52724248851281,6.31184369614647,4.61373341664858,6.20433551565145
5.38957388681959,0,0,0,0
0,0,4.31588683216934,0,6.74325792310066
6.16139717708912,0,0,0,3.70352173085081
0,0,0,0,6.19554759568345
5.77690901298031,0,0,0,0
0,0,0,0,0
0,0,0,0,0
0,0,0,0,0
0,0,0,4.49323253274723,0
5.76725793094051,0,0,4.21803603456465,0
4.83968879532381,0,0,0,0
5.88735325085059,0,0,0,0
4.78582368568135,0,0,0,0
0,0,0,0,0
0,0,7.98612404317319,5.90082842684854,6.86096760848326
3.70966199329646,0,0,0,0
5.21754105652075,0,0,0,0
7.38673723218189,8.2467195345281,8.25289946673699,9.7598076951455,0
5.10927326399326,0,0,0,0
5.27479282150108,0,0,0,0
0,0,0,0,0
0,0,0,0,0
0,0,0,0,0
4.5364629879783,0,0,0,0
0,0,0,0,0
0,0,0,0,0
5.76481485646448,0,0,0,0
0,0,0,0,0
0,0,0,0,0
4.71626423349368,0,5.37698990519934,0,0
5.25754745400483,0,0,0,0
5.21265053979095,0,0,0,0
6.52234276692536,0,5.25446996676776,0,5.35771770982948
0,0,0,0,0
4.60946096740525,0,0,0,0
4.41207075602226,0,0,0,0
4.30203600897739,0,5.31645193674352,4.90875021359265,0
0,0,0,0,0
0,0,0,0,0
4.22770927428952,0,0,0,0
6.09176226842335,0,0,0,0
5.92500418040771,0,0,0,0
0,0,0,4.62232224480566,0
5.75330253111959,0,0,0,0
6.33643627478718,0,0,0,0
4.62281362116069,0,0,0,0
4.91808131248565,0,4.23033127142169,0,0
0,0,0,0,0
0,0,0,0,0
6.00022605277655,0,5.38591607102711,0,0
5.79060216660876,0,4.6168022702178,0,0
0,0,6.2648448348489,0,0
4.88831698963811,0,0,0,0
0,0,7.81045811206758,0,6.76689423281363
5.42415675138718,0,0,0,0
0,0,0,0,0
5.04252148295858,0,4.05074092473997,0,3.82777145298056
0,0,0,0,0
0,0,0,0,0
5.6690529941351,0,0,0,0
0,0,0,0,0
0,0,5.04580936910391,0,0
5.88396285187149,6.09892785035751,8.66048108422879,4.86599480426999,8.52558190754398
4.81226565288069,0,5.71942613864422,0,4.87428087285444
0,0,0,0,0
0,0,0,0,0
0,0,5.35719929428426,0,0
5.81191913326078,0,0,0,0
0,0,0,0,0
6.75879112584218,6.29988630767728,8.76103622263603,6.29073545880974,8.43180304497641
0,0,6.99402471413431,0,0
4.72588226115036,0,0,0,0
5.79286115773974,0,0,0,0
0,0,0,0,0
0,0,7.10595018493238,0,0
5.62754916865661,0,0,0,0
0,0,0,0,0
0,0,3.76699723337789,0,5.6874498200353
4.6556731681612,0,0,0,0
0,0,0,0,0
4.38315100233559,0,3.78804582560844,0,0
5.73524884145232,0,0,0,0
4.91199290196726,0,0,0,0
5.47218663652701,0,0,0,0
0,0,0,0,0
0,0,0,0,0
5.24518026813491,0,0,0,0
5.33638356735449,0,0,0,0
4.27444142399394,0,0,0,0
3.80843868917158,0,0,0,0
0,0,0,0,0
6.0235928608595,0,0,0,0
0,0,0,0,0
4.92100230185622,0,0,0,0
0,0,0,0,0
5.34910553338014,0,0,0,0
5.40762010143849,0,0,0,0
4.27916299921464,0,0,0,0
6.46591141553026,0,0,0,0
6.13459039043616,0,0,0,0
5.21792042947601,0,4.85655127871354,0,6.44171179798804
0,0,0,0,0
0,0,0,0,0
4.9801073557273,5.38674024689793,8.10664719744059,3.72086249996699,7.43980017319022
0,0,0,0,0
5.37966691224436,0,0,0,0
4.38589414620037,0,0,0,0
6.16512369332328,5.94167012884417,7.26880165427701,5.32252205524485,6.82426496848311
5.7103276746922,4.46900676117522,6.37091074681753,5.50248195126444,7.32697206451989
0,0,0,0,0
0,0,0,0,0
4.95871022123134,0,0,0,0
0,0,0,0,0
0,0,0,0,0
5.55840982164045,0,6.28282733739934,4.89761589428889,0
5.45163913149169,0,0,0,0
0,0,0,0,0
6.15011224304109,4.26969744969996,7.55130772179011,5.0598063381027,7.01967225400921
6.75536138842987,0,7.92124531423341,0,6.72436114718521
0,0,8.47603155589117,0,7.50451269719818
5.53441662902246,5.40037744173918,8.11168208225004,0,7.63225576720008
0,0,5.26703307650827,0,7.18671189511556
6.01522990065824,0,5.23212414381324,0,6.60917402566136
5.27903260513617,0,5.0403882522456,0,7.65589241285891
5.34276478128333,0,0,0,0
6.58145711055926,6.01094849618067,8.27517003668821,6.07251443970814,6.49201253646284
0,0,0,0,0
0,0,0,0,0
5.77966268499152,0,0,0,0
6.16619486320612,0,0,0,0
5.51689048934749,0,0,0,0
5.95943193752667,0,5.47742543227249,0,6.26107174883223
0,0,0,0,0
4.88703537311831,0,0,0,0
4.29045944114839,0,0,0,0
5.907892702684,0,0,0,0
0,0,0,0,0
5.83287904799061,0,5.93758897413866,0,6.03320611868762
6.96954627913834,4.78323268586166,6.41862591329791,5.06493406750363,5.42859973681096
6.92410095751822,0,0,0,5.15502419672156
4.66164503291607,0,8.88280805492444,4.57244036136517,7.1472917295025
0,0,9.23917075364406,5.8035071386954,7.62254163464556
0,0,0,0,0
7.8718757139306,6.20302122917027,0,6.80379378423802,0
6.04339263996834,0,0,0,0
5.80630897829289,0,0,0,0
9.03208294540564,0,8.80074524707754,5.57329406650226,8.3259745728864
0,0,0,0,0
4.99158838117602,0,5.19295685089021,0,0
5.67856722551514,0,0,0,0
8.33036228276035,11.585404253582,0,11.091350791809,11.8840061462166
5.8622666086363,0,6.12669449636809,0,0
0,0,0,0,0
5.14218973383656,0,0,0,0
6.87458104895083,0,0,0,0
4.84103250971008,0,0,0,0
0,0,0,0,0
3.82231709234365,0,0,0,0
0,7.59968171473625,9.24440357725188,9.2198846798191,8.22299124402999
0,0,0,0,0
6.78408368977525,5.56605180119012,7.02690626745317,5.31635372903414,7.70427550148181
0,0,0,0,0
0,0,0,0,0
4.66145599699868,0,5.90770243100265,0,0
0,0,0,0,0
0,0,5.59426518341685,0,4.71357605983188
5.19206756670533,4.02873880512411,6.50397375285416,0,5.27233266957604
5.31039414777349,0,8.03155436705329,0,7.15445128095394
5.26837349017496,0,0,0,0
5.1067330424749,0,7.26524089423807,0,0
6.22697135740559,9.77988385967418,0,10.8043315962213,10.5385791522162
4.54934030102742,0,0,0,0
6.3614060991471,0,0,0,0
0,0,0,0,0
0,0,0,0,0
0,0,0,0,0
5.21052386559737,0,0,0,0
5.31591167494899,0,0,0,0
6.52426690367734,0,0,0,0
0,0,0,0,0
0,0,0,0,0
5.39380934800726,0,0,4.60005713660127,0
8.47795119803653,0,0,0,0
0,0,0,0,0
5.71580985486892,0,0,0,0
5.18755338956318,0,0,0,6.70666671844876
0,0,0,0,0
4.4238880887688,0,0,0,0
0,0,0,5.30702930715006,0
0,0,0,0,0
6.29286459638796,0,0,0,0
4.41328302432444,0,0,5.12086394115094,0
6.40286202386925,0,0,0,0
0,0,0,0,0
6.39347369024276,0,0,0,0
0,0,7.4765856250347,6.80898411688212,6.71342996449645
0,0,0,0,0
0,0,4.44500143383527,0,5.09467002303933
0,0,0,0,0
4.72001557765713,0,0,0,0
4.17269352863308,0,0,0,0
0,0,0,0,0
0,0,0,0,0
3.13505933877509,0,0,0,0
0,0,0,0,0
0,0,0,0,0
5.28720586179332,0,0,0,0
0,0,0,0,0
5.78931776276246,0,0,0,0
5.23909800688807,0,0,0,0
0,0,10.0295605755414,7.73293022228157,8.54043890409306
0,0,7.92067895178988,0,0
4.81818259010284,0,0,0,0
6.32382118339551,0,0,0,0
6.01486364053621,0,0,0,0
6.71687318512407,0,7.35870987191067,4.12955081795672,6.96603362102388
0,0,7.05764833655675,0,6.00645167691623
5.56738984975065,0,0,0,0
0,0,0,4.91147772256304,0
4.53259949315326,0,0,0,0
6.90264222959531,8.85296947163025,8.4390802871404,6.34537316830174,0
0,0,0,0,0
0,0,0,0,0
4.84882199793365,0,0,0,0
0,0,6.16927594842405,0,7.32114225937148
0,0,0,0,0
0,0,12.8907414863263,10.8085474540675,10.4156283111331
0,0,12.7431155726132,8.86905356388375,11.3695041853801
0,0,7.72176962327131,8.52435548087563,0
0,0,0,0,0
5.25728701699004,0,0,0,0
0,0,0,0,0
0,0,8.78734856468151,6.82819245614545,8.28244506674389
6.19979898276848,8.22585109591074,8.936274510083,7.74600230384892,0
5.07636061071339,0,0,4.48852400386877,0
0,0,0,0,0
0,0,0,0,0
4.76805404888957,6.47614124837891,6.07810085376753,7.10919295296832,0
0,0,4.24963744662814,0,0
0,0,0,0,0
5.92596556487529,0,0,0,0
7.33356535095554,9.50303983623975,11.2201504454524,0,10.7770022987588
3.98842833663055,0,0,0,0
0,0,0,0,0
5.40357787720553,0,0,0,0
0,0,0,0,0
4.59511985013459,0,0,0,0
4.19116874685764,0,0,0,0
0,0,0,0,0
0,0,12.3117066237937,9.07448055639193,10.9514624720016
4.83683730824318,0,0,0,0
6.07995607812897,4.86576365274914,8.85679196389789,6.14205891073246,7.79165917349042
6.01793606431377,0,0,0,0
0,0,0,0,0
0,0,7.27777281335195,0,7.12030693368387
0,0,0,0,0
6.21320711750656,0,10.5068877996997,9.13217772920588,9.27708271291798
5.17598022668309,0,0,0,0
5.22321659403879,0,0,0,0
5.54790808787709,0,8.67600556009676,5.79666546880291,6.82463450558775
5.708570991388,0,7.68500920550572,3.82166056534775,0
4.52861306326594,0,0,0,0
4.87565523361135,0,0,0,0
0,0,5.07342228219502,0,0
6.17126208791851,0,6.03277442259496,0,6.8297396819974
0,0,6.25722687775738,0,6.84359002150635
5.90726738830723,0,0,8.26632637722691,0
0,0,0,0,0
6.32096611640911,0,6.30333300647856,0,0
0,0,7.58511346682769,0,8.13212465183329
0,0,0,0,0
4.92180408038964,0,5.26615567973964,0,5.61203261604663
4.76720399783532,4.79760707652314,5.98569795221364,3.86618846908435,6.84020422471986
0,0,0,0,0
0,0,6.22184187148407,0,5.91733349776491
0,0,6.18408703335424,4.33112799924035,6.7955379758611
0,0,0,0,0
6.91185685600321,0,0,0,0
0,0,0,0,0
0,0,0,0,0
0,0,0,0,0
5.55856400581375,0,4.68222381543038,0,0
6.31994061368801,5.41329647487169,7.35726916992498,5.38467853219608,7.58707226172985
0,0,0,0,3.87763857856632
5.63714397232299,0,0,0,0
5.40753045152135,6.54664192844447,7.82734057780572,5.03623806147576,6.619179473937
0,0,0,0,0
0,0,4.76541653513019,0,0
5.49433635046559,0,0,0,0
5.46497521887538,0,7.73847505051378,4.44123849430573,0
5.96100533962327,0,6.83207222087771,0,7.04550650557033
0,0,0,0,0
7.19145945006469,5.75200104692668,7.23610893464296,4.03724497018153,8.70343040534228
5.15167178620655,0,0,0,0
0,0,0,0,0
0,0,7.38410125297145,0,0
5.01886797902273,0,0,0,0
5.81410068063326,0,0,0,0
0,0,0,0,0
6.37318326148615,0,5.5735219174887,0,0
0,0,0,0,0
0,0,8.24287475975589,6.15640678801344,5.98242380245583
0,0,0,0,0
0,0,0,0,0
0,5.87194876110642,10.7083281535145,7.19168532136419,9.52564733904008
0,0,0,0,0
3.45189049597767,0,0,0,0
0,0,0,0,0
5.16792390261444,0,0,0,0
5.04574500454301,0,0,0,0
5.10102429382394,0,6.28325691072757,0,0
5.96375927601576,0,0,0,0
4.85686232070672,0,0,0,0
0,5.97794861705446,8.24821510375823,7.3661290427457,7.90445665083444
4.39679208687436,0,0,0,0
4.48728714533137,0,0,0,0
0,0,0,0,5.64399708392016
0,0,8.38203304451989,5.63403932177855,7.37143897948305
4.43260092063681,0,0,0,0
5.77386808222289,8.06587156179798,10.9519252191151,9.15071774799221,9.6949185249861
0,0,0,0,0
4.8907249974237,0,4.85818317090458,0,0
0,0,0,0,0
5.53512710862606,0,0,0,0
7.16925763365053,7.49336179129996,9.78425909776466,0,8.94628367615435
5.09258387674342,0,0,0,0
7.14916301990193,8.01498698022117,8.78017880127024,5.7461073393012,8.22768812498687
5.46455188468906,0,0,0,0
4.24434377949831,0,0,0,0
0,0,0,0,0
0,6.92950698597997,10.5405589682742,7.91080702317397,9.03663915307584
0,0,0,0,0
0,0,8.47625035626171,6.2042748942824,7.51653123065592
7.29169708027383,6.50080907459217,8.65329278339184,6.81146461866385,8.01759431126471
5.84432671964851,3.91422058897163,6.44831961159844,4.55923095404665,3.51601305609074
0,0,4.99795524093888,0,0
0,0,0,0,0
5.40501698520709,0,0,0,0
0,0,0,0,0
0,0,0,0,4.87687530391673
0,0,0,0,0
0,0,0,0,0
5.98921201205469,6.78012643201023,8.46276023660694,10.3578824975987,0
5.14993336078178,0,0,0,0
5.83545380510382,0,0,0,0
7.1484951038145,0,0,0,0
6.35210661160783,0,0,0,0
5.11817343700186,0,7.95676407281708,5.90952211944187,0
6.3618377401666,0,0,0,0
4.22097721315547,0,0,0,0
0,0,6.28198633375214,0,6.73114935678407
6.00129110792572,0,0,0,0
5.21346728863164,0,0,0,0
5.54380932152601,0,0,0,0
5.23046669963986,0,0,0,0
4.73716289544659,3.52370995613755,6.64514298375756,4.6578575082671,7.3345838870939
5.58473614137529,0,4.10709624614726,0,0
5.59908840354154,0,0,0,0
5.8509085395465,0,0,0,0
0,5.43013479116822,8.57572621560189,7.73007812976583,0
5.63867490275106,0,0,0,0
0,0,5.84061258718342,3.69386699562498,7.37723377036712
0,0,0,0,8.92929357067691
5.97759379142219,0,0,0,0
5.37087055922975,0,5.22127432204972,0,0
5.68364779223582,0,0,0,0
5.68910867242241,0,0,0,0
6.12748035102542,0,0,0,0
4.72783019872398,0,6.65127467180691,0,0
4.9368452201255,0,0,0,0
5.58116276110829,0,0,0,0
5.84221019401822,0,0,0,0
0,0,0,0,0
5.98443993217102,0,0,0,0
5.82968064153158,0,0,0,0
5.70926740488677,0,0,0,0
5.06651140465517,0,0,3.36626081178126,0
5.32427746821757,0,0,0,0
4.87022314037951,0,0,0,0
5.69846837983243,0,0,0,0
0,8.14416526331473,10.4217961091954,9.14463957565842,9.94851349805846
5.56601354491131,0,0,0,0
5.99438527761896,0,0,0,0
5.69238442970383,0,0,0,0
0,0,0,0,0
5.6831034634478,0,0,0,0
5.49256749420726,0,0,0,0
0,0,0,0,0
6.06438967712254,0,0,0,0
4.61877718939431,0,0,0,0
0,0,0,0,0
5.22477846321317,8.26967497696037,9.42688620614206,8.15431619732075,8.50669022788976
3.94951144983914,0,6.05392278094759,5.92058597022421,3.9982007016692
5.75491909010358,0,0,0,0
5.42300981050535,0,0,0,0
6.17073980196553,0,0,0,0
5.83705966830824,0,0,0,0
0,0,0,0,0
4.8678420954357,0,0,0,0
5.24628695845365,0,0,0,0
0,0,0,0,0
0,0,0,0,0
0,0,0,0,0
0,0,0,0,0
6.01315265067805,0,0,0,0
5.8869647720178,0,8.62904757619038,5.74649068914457,0
5.84744982446861,8.91121035447337,10.8356516335666,9.29776499690045,9.83642852425419
5.07972593858105,7.83756225350976,11.3552524222333,8.99035308441694,11.022253713996
0,0,7.39816184549804,0,8.73234811847208
4.72526166624591,0,0,0,0
5.18195207541677,0,0,0,0
6.35135680992139,4.38352551079762,7.32329612262123,5.95124133161711,6.04015946864674
6.27363143887165,9.53762049022848,11.5116516540174,9.62573600876125,12.6749099699067
0,0,5.68612753941748,0,0
0,0,0,0,0
5.31483027492225,0,0,0,0
0,0,0,0,0
0,0,5.72511987130356,0,0
0,0,0,0,0
0,0,6.90921421421838,5.48280324617137,6.38990504027918
0,0,0,0,0
0,0,6.42193116318286,0,0
6.18690796777991,0,7.38040540316878,0,0
4.19479303351891,0,0,0,0
5.47113557591018,0,0,0,0
5.8956967626186,8.39089954301502,10.3232729671836,9.03006711598113,9.69448109987277
6.01116913038232,0,0,0,0
6.26044151476536,5.59838492127545,9.24337855105298,7.00724761047699,8.640691419757
5.91590552268695,0,0,0,0
0,0,0,0,4.80443079683897
6.35713144200847,10.0856132568189,13.4750070065015,11.2505276999416,12.3159220709402
4.20916023665068,0,0,0,0
4.70546790730346,0,0,0,0
5.86986172534873,0,0,0,0
5.34185566856252,0,0,0,0
0,0,4.64063385026366,0,0
5.52449630640577,0,0,0,0
4.22902113221398,0,7.21282530103514,4.73312355029855,5.68327359802466
5.02860617941749,0,2.87299950817169,0,0
5.51153178678436,0,0,0,0
6.11445621647175,5.56922198126051,8.65432036147743,5.89591683909607,8.04137428618178
6.29395517958832,0,4.38776016652164,0,0
5.62866373543926,0,0,5.36942799400599,0
0,0,0,0,0
0,0,0,0,0
5.12158018804798,0,4.70093480797247,3.84609685531198,0
5.82449454981846,0,7.08267450600933,0,8.34096900780345
0,0,0,0,0
0,9.20129962732403,11.7198908526769,10.1871804287144,11.4337383078756
5.30722755267779,0,5.67863559223425,4.64909137304602,0
0,0,0,0,0
5.43873127026325,0,5.80012242709294,0,7.23385966903119
0,0,0,0,0
0,0,7.6367135202777,5.04490788803835,9.01623364203501
0,0,5.78333275341421,4.44523614807177,4.89140120617256
5.69359744959784,3.10906095886099,6.10749048441525,3.04404613383254,4.45364937834685
7.00568928626583,11.0125863319284,12.5830971260065,10.8004466261908,11.8749122759302
7.01586501207614,0,10.4275028094016,7.49645819066861,9.11691281891751
6.06895785397298,6.88595946661168,10.3696337514546,8.82393349652418,9.45970512309339
6.43669509177556,0,5.03831530986957,0,6.70153029810662
0,7.21941507440525,9.96102978159848,9.16712906699234,8.8645686286698
5.66711849028461,0,6.10128261311007,4.84229553482272,0
0,0,5.00548873994338,0,0
5.21846214129857,0,0,0,0
5.58225493709483,0,0,0,0
0,0,5.83732220057933,0,0
5.07935257205524,0,0,0,0
0,0,0,0,0
4.63666885304746,0,4.85070125617993,0,6.23501838419381
4.86699584389465,0,0,0,0
0,0,4.0402403032289,0,0
5.8453977709732,0,0,0,0
5.61367540185006,0,8.12764375440342,7.53193815907555,7.77186811479771
6.66696951499458,0,3.65661449352666,0,0
5.92900386576538,0,6.47554056913126,0,3.3098128198603
0,0,0,0,0
0,0,0,0,0
5.61567959310123,0,0,0,5.89288653374689
5.51648857623569,0,5.79087718150713,0,0
6.16984083153965,0,0,0,0
5.50691564642021,0,0,0,0
0,0,7.5639012813976,0,5.63732210795593
0,0,0,0,0
6.66713489361659,5.8396527965186,9.26009197857359,6.22497418442137,7.91854131328367
0,0,0,0,0
0,8.07430032185583,11.0797890122512,7.65577409402738,10.7726384576846
6.00819874609915,0,0,0,0
4.50590218432942,0,3.56925096665841,0,0
0,0,6.61147635930484,3.74856245627511,6.57231051433077
0,0,8.54674811015509,0,8.13023280987185
0,0,8.60874723485527,4.17745946893261,8.36382287369392
5.44345613221428,0,0,0,0
4.29196515630522,0,9.44571284430296,5.55508909884223,8.67992579808342
0,0,0,0,0
6.14699284900662,0,0,0,0
0,0,0,0,0
8.64627921802602,9.85766348514925,0,8.42939969046557,0
5.44613374124226,0,0,0,0
4.09783845147636,0,4.30905263471521,0,0
0,0,8.05746934369933,4.13356527537538,7.42739395347998
0,0,0,0,0
7.76032209117418,0,5.21265053979095,0,0
6.04519486952895,0,0,0,0
0,6.63940513482985,11.1390636696087,7.65600125382108,10.9533034270153
5.31340300396608,0,0,0,0
0,0,8.65255066573825,4.07073469658297,8.46158956826259
4.94726941847444,0,0,0,0
4.24935201776934,0,0,0,0
0,0,0,0,0
0,0,0,0,0
5.97217978569611,0,0,0,0
6.27091281463266,6.9688691928404,9.52617248784431,0,8.69675427494067
5.44578864590625,0,0,0,0
0,0,0,0,0
0,4.66173953747599,7.87300378002684,5.4206677338255,7.65949207095224
0,0,0,0,0
0,0,0,0,0
8.19516809054191,0,0,0,0
0,0,5.96352792841496,6.0352182399979,5.48334359574912
0,0,0,0,0
6.34111739372994,0,0,0,0
5.00763078507596,0,0,0,0
4.72286432880473,0,0,0,0
7.17022722995892,4.82599104193266,7.39977721634432,5.37435205282403,6.87245965258741
0,0,0,0,0
0,0,0,0,0
0,0,0,0,0
0,0,0,0,0
6.87302924958706,0,8.34749798569773,6.58070848300808,7.97612483157927
6.01337279915686,0,0,0,0
0,0,0,0,0
0,0,0,0,0
0,0,0,0,0
0,0,0,0,0
4.92092938101176,0,0,0,0
5.22143632221208,0,0,0,0
0,0,0,0,0
0,0,0,0,0
6.23437150926314,5.51805512472741,9.13429483164128,9.49326112732625,7.5076461690623
0,0,0,0,0
0,0,0,0,0
0,0,5.26672349495686,3.98080252082297,0
5.31212164752443,0,0,0,0
4.96200511712819,0,8.6850337359695,5.71270917947272,8.11196105616779
7.13246560226788,7.57865173810726,9.17081545255687,8.65968184770847,10.8076793870403
0,0,6.14158569067631,0,9.46560255317185
0,0,0,0,0
0,0,0,0,0
0,0,9.51860417990523,9.0118906527638,8.35949322030006
6.42454482224912,0,3.81242364020539,3.88032591868489,4.88876893300224
0,0,0,0,0
5.22714354709351,0,8.14915391739846,4.4783590191217,7.51442366797638
0,0,9.2558585222752,0,8.65284757889158
4.67095792652609,0,0,0,0
5.58006939096902,4.69519368863568,8.15173982966592,7.97909228951516,7.70647345304789
0,0,0,0,0
0,0,0,6.6313164306097,0
6.45499413993136,7.79346720859155,11.1318202311744,9.10990658890484,9.61016292409816
0,0,0,0,0
5.76032032561646,0,0,0,0
6.30144612705453,0,8.68259406412343,8.30380193154471,6.74920493481019
0,0,8.7993615914744,0,0
0,0,0,0,0
0,0,8.16663947448244,6.36024838162179,6.88500852198622
5.49339060726715,0,0,0,0
6.93325731999448,0,0,0,0
6.16709711575114,6.39757944405764,9.89091889686027,8.25622834730316,9.66580126640559
5.4780104719883,0,0,0,0
5.64009692297007,0,0,0,0
0,0,0,0,0
6.13459039043616,0,6.80235031789218,6.31477917218847,5.53820003386652
5.22294705952326,0,7.87543090104882,6.63994119116782,6.20657592672493
5.04876566945752,0,0,0,0
0,0,0,0,0
5.46501754243903,0,0,0,0
5.85558754855663,0,0,0,0
0,0,0,0,0
0,0,4.76490524410925,4.29087031563202,0
6.06661840070841,0,0,0,0
7.08943496315326,0,8.09450358976718,6.76107495973249,8.06288966797457
6.50930550576788,0,0,0,0
0,0,4.96661374200193,5.34548717102443,0
0,0,5.3300582523321,6.37839222721769,0
6.04488682360398,0,0,0,0
6.19662741038624,0,4.27749910531995,0,4.86768828477632
5.95345110490977,0,0,0,0
5.31473190781613,3.25462899457402,4.20722671927877,3.17345996133772,4.81543111147129
0,0,0,0,0
0,0,0,0,0
6.79608601607189,0,0,0,0
7.5989054668789,8.11750933959493,9.5332134144464,7.28991764152047,9.34549170179366
0,0,4.22902113221398,0,2.63116915676625
0,0,0,0,0
6.08217324723344,0,0,0,0
0,0,0,0,0
0,0,0,0,0
8.7795697635003,0,8.81324960102001,6.72191955472833,9.07331029465733
7.83644482687021,0,0,0,0
0,0,0,0,0
0,0,0,0,0
6.31265997089544,0,0,0,0
5.01269982814514,0,0,0,0
5.50027813859434,0,0,0,0
5.11126463537818,0,0,0,0
4.93540874785379,0,0,0,0
0,0,0,0,0
6.59739123790666,0,0,0,4.69308948402597
7.68838206023122,8.54282390044189,11.3029226941622,10.3860926981053,10.653279681802
5.96522323590276,0,0,0,0
4.79711198615904,0,7.90809667592737,7.35509143116561,6.54196751052673
6.56432086253426,0,0,5.32836148789641,5.91114888551925
7.95159806279954,0,4.87267506100105,0,4.09833658349164
8.71570792810494,7.07313411504578,9.53953619962662,6.96249911340336,9.94571815450293
4.83604378336421,0,0,0,0
5.00213258160451,0,0,0,0
0,0,5.8479693949687,0,0
0,0,0,0,0
3.11262602502549,0,0,0,0
0,0,0,0,0
5.25806812464035,0,0,0,0
0,0,0,0,0
0,0,0,0,0
5.0316789810246,0,0,0,0
5.21237814187038,0,0,0,0
0,0,0,0,0
5.07066365975594,5.65389170504274,8.15087764008365,5.88056091897148,8.55742877403063
0,0,0,0,0
0,0,0,0,0
0,0,0,0,0
5.79535841814341,0,0,0,0
4.6348260708956,0,0,0,0
8.86725411083728,8.93015678216833,9.95657323962772,9.20021427567717,10.3278267524096
0,0,0,0,0
0,0,0,0,0
7.87370056323933,8.56621951817328,9.98182727248734,9.76129014682633,9.98218319948447
0,0,0,0,0
0,0,0,7.33717777011605,0
0,5.90225074656315,6.36416538762217,4.82751341713153,7.56707676705799
7.77899425014075,8.37792422750722,11.5155220908175,10.8402963419997,11.2084322063972
0,0,3.74950407593037,0,3.54298625393353
5.74005011382674,0,0,0,0
5.80386910781132,0,0,0,0
5.98118691269685,0,0,0,0
0,0,0,0,3.60250423836719
6.20760362426931,0,0,0,0
0,0,0,0,0
6.41901725168015,0,8.54122802674296,6.85094151162712,8.27841556231806
0,0,6.26892581463178,5.13125873641999,5.43585945556652
0,0,0,0,0
7.7664380842359,7.92003959345136,9.95176806304467,7.33515146657842,9.59819125648509
5.62873560033329,0,0,0,0
4.24534743575863,0,0,0,0
0,0,0,0,0
0,0,5.29164515677997,5.36648990165109,0
0,0,0,0,0
0,0,0,0,0
0,0,0,0,0
0,0,5.08889179206202,0,0
0,0,0,0,0
4.86329470619755,0,0,0,0
0,0,0,0,0
7.01599065825666,9.04687864524356,11.1562590924233,9.38267893071674,11.0131815450149
5.66153585472778,5.7214259098288,7.19982023256277,4.03988837642604,7.96520176403442
0,0,0,0,0
4.77828280369674,0,0,0,0
0,0,0,4.99437040163022,0
5.97574158664275,0,0,0,0
0,0,3.75302727393769,0,5.45698639467676
0,0,0,0,0
0,0,0,0,0
5.29646565318456,0,5.47637986642161,5.46734258417464,0
0,0,0,0,0
8.73109416136352,8.7954610892574,10.0734623677103,10.1606034530198,10.1043527745313
0,0,4.95863999897788,0,6.48140866179409
6.30494228210337,0,5.25033437652589,0,5.77963178693964
5.29375698379171,0,0,0,0
0,0,6.93466981152302,0,0
5.09172360877836,0,0,0,0
0,0,0,0,0
5.36625634955623,0,7.50393440622461,0,7.23055591225346
6.12942051186074,0,0,0,0
0,0,7.0787377911061,0,7.32352049174898
5.46822890326531,0,0,0,0
4.65310283974339,0,0,0,0
5.31914887612797,0,0,0,0
4.80270870858691,0,7.54816074828402,4.63074046209962,6.92766574360092
6.31077245876497,0,10.5504677503758,8.73578238738073,10.3788953031781
0,0,0,0,0
5.47855341685097,0,6.64373764845795,0,3.69783919548541
0,0,0,0,0
4.87991898302797,0,0,0,0
0,0,0,0,0
3.98638808738345,0,0,0,0
6.55781475073378,0,0,0,0
5.33315348138349,0,0,0,0
4.70238763670345,0,0,0,0
0,0,0,0,0
4.6342434334738,0,5.33542045449954,4.41109988215959,0
5.78606881734343,0,0,0,0
0,0,0,0,0
4.6385082455986,0,0,0,0
5.46132867480749,0,0,0,0
0,0,0,0,0
0,0,0,0,0
6.22134535207486,0,5.98075742996429,6.57729095863492,4.94028435799973
5.89335545399766,0,4.67002115830771,0,0
0,0,0,0,0
0,0,0,0,0
0,0,5.22310878895028,0,6.35323896659141
0,0,5.46806014113513,0,5.03753684729376
0,0,0,0,0
5.51463769251412,0,0,0,0
0,0,0,0,0
6.59012246082234,0,0,0,0
6.10886973361059,0,0,0,0
6.31407327064147,0,6.93755677021893,4.52807313560312,5.29846735529916
0,0,6.60235720072458,4.61154979295213,4.05525717351405
5.97591934410585,0,5.25999225222637,0,0
5.07829394257007,0,0,0,0
0,0,7.17447159796868,0,6.12566758912554
7.48042830607421,0,7.21665809038135,0,7.00391963932492
0,0,5.92318570635469,0,8.04895120955816
6.34682863224661,0,0,0,6.23801207620121
5.22751929523932,0,0,0,0
4.36551608254689,0,7.88073631515006,0,7.07915069564254
4.8629083820668,0,7.96741535178168,0,7.12499342767965
0,0,0,0,0
5.97921482467906,0,3.74620452073321,0,3.74809131374578
0,0,6.53737252512781,0,2.95699144523756
6.47151132468139,0,0,0,0
4.99348913526129,0,5.18922768396033,0,0
5.79809215412694,6.42446375540947,9.43485897746993,5.50023728141062,8.86790217434764
6.203446033716,0,0,0,2.73371794785079
0,0,0,0,0
5.40914292163692,0,7.98699784663662,3.95182047530221,8.0542716250573
4.55881206200994,0,0,0,0
6.4619055806785,0,7.36103229514543,0,6.93816808539033
6.53667710473266,0,0,0,0
6.39771268190405,0,0,0,0
6.01752208142727,0,0,0,0
6.40014115947812,0,3.03254624667671,0,0
5.3698004681699,0,4.7539349592532,0,0
0,0,0,0,4.95519305384645
5.66594214167302,0,4.16371514014677,0,6.51653325486198
6.25194241806888,0,0,0,6.8296207495779
5.78203897262197,0,0,0,0
6.63277881402788,0,6.66527599136118,0,6.63040630240348
0,0,0,0,0
4.89649561335467,0,5.29053717922907,0,0
0,0,0,0,0
4.75729023404892,0,0,0,0
3.71259598073125,0,0,0,0
5.60598587293193,4.01241117945941,6.88119567464679,5.22902087754538,7.47130617137101
5.49054799921877,0,0,0,0
4.03494835226544,0,4.48593609806439,0,3.70179567938048
0,0,0,0,0
6.03010817070019,0,0,0,0
5.92764576689476,0,0,0,0
0,0,0,0,0
4.6147243987929,0,0,0,0
4.52124495105033,0,0,0,0
5.77321524937154,0,0,0,0
0,0,0,0,0
0,0,4.58904080405821,0,7.24200361599931
5.79751565407305,4.73444252169223,0,0,0
4.28137722652395,0,0,0,0
4.66776932774461,0,0,0,0
5.39780064503299,0,0,0,0
6.20346625800335,0,0,0,0
6.24331216655055,0,2.99573227355399,0,6.09085729098602
5.35521741368085,0,0,0,5.46094628999626
6.41508059242555,0,4.68656582419209,0,0
6.3101546139334,0,4.03600898520914,0,4.14122814812095
6.21086108713526,0,0,0,0
5.62224698667368,0,0,0,0
6.42032060800672,0,0,0,0
6.18947488878319,0,0,0,0
6.13374505436475,3.66073714816766,8.22333475107929,4.33231104242795,8.05503391463084
6.47786427271215,0,0,0,0
6.35931431942145,0,0,0,0
6.10695607036526,0,0,0,0
4.9047561254427,0,3.79436496195991,0,6.00861660592555
6.21198466021548,0,4.03317812698461,4.55566476608425,6.42983237489185
5.78055831345825,0,0,0,0
4.41968362585098,0,8.43188799443698,0,8.56770948401607
6.00613146015138,0,0,0,0
5.69544783786614,0,0,0,0
5.42336285552226,0,0,0,0
6.38876306588309,0,0,0,0
6.94597549180183,0,0,0,0
6.28830455734453,0,0,0,0
6.55414705641419,0,5.59749560413824,0,0
6.03989750462957,0,4.48334147762296,0,6.06245874793205
6.68667210363485,0,0,0,0
6.11310679309009,0,0,0,0
7.94134181672441,0,5.9600254782726,5.51833604051472,7.2957215041362
5.42270079383807,0,8.05503391463084,0,7.54885098307028
5.81978615041251,0,0,0,0
0,0,0,0,0
4.80213401951892,0,0,0,0
4.52363469800557,0,0,0,0
0,0,0,0,0
0,0,5.6666688733161,0,5.46687800809195
0,0,0,0,0
7.29823533661322,0,0,0,0
0,0,4.52710053056617,0,0
5.46903013467427,0,0,0,0
5.21683612468015,0,4.31267655653909,0,6.07502414020691
5.78683602979149,0,0,0,0
4.60035862899087,0,0,0,0
5.47260675164473,0,0,0,0
6.78123922125152,8.21864967984484,10.296819348821,10.1335828841349,10.7600112947223
6.52832334792079,0,0,0,6.32109198286496
5.13668040094691,0,6.7328302999384,0,6.07704573519819
5.98290300144607,0,0,0,0
6.09469780174963,0,8.90772738613598,7.45626389575402,8.11515919032251
5.32193623214667,0,6.82748837951283,0,3.3357695763397
5.93293460491758,0,0,0,0
4.71823097827211,0,0,0,0
0,0,0,0,0
4.76771411517337,0,4.67002115830771,0,0
5.58736101163895,0,0,0,0
5.01482649871472,0,0,0,0
5.66632287649582,0,4.61709875685337,0,0
4.84623223780465,0,0,0,0
5.80166510045807,0,4.19464228353746,0,0
6.14467907459563,0,0,0,0
0,0,0,0,0
5.59016574786923,0,0,0,0
6.7706173907635,0,6.49959153282364,0,5.97713740196194
5.72446706584903,0,0,0,0
0,6.90598371068127,10.8697353864904,10.6812263097289,9.94426474605283
6.64671513747678,0,9.9265349099972,7.47660261050929,0
7.09516387482465,0,7.63231875886824,5.90121155813042,6.1567882894381
0,0,11.3757485784572,10.2426280119969,10.5726596130464
0,0,0,0,0
0,0,6.64364649372273,8.85771720847755,0
0,0,0,3.40053049267445,3.42165339022954
0,0,8.60128430859478,6.78012643201023,5.68497335366915
0,6.00782990119425,8.11300127245868,8.07542710358174,8.64695047102749
5.91052560460263,0,0,0,0
5.8086528702248,0,6.91255374789371,5.64809356879561,3.35759374418002
0,0,0,4.97631986368114,0
6.09650000994186,5.8963568468033,12.0262220334364,8.69197976472234,11.2708335213972
5.5412243287032,0,8.67187287415392,7.38175092949741,4.97154790538821
0,9.18957321967527,12.262779012768,9.68443561912517,11.4533452975214
5.96023184467688,0,0,0,4.16433693404214
0,7.83237125960228,10.1461238792258,9.06289780900565,10.2164206182401
0,4.91610481025002,0,8.18597433161549,0
5.90246938553642,0,0,0,0
0,0,7.08143123672342,4.45492852265755,0
0,0,0,0,0
7.25904575264403,0,11.0049341540753,9.97891964765198,10.4652325007716
0,4.52990770148754,8.69496106257008,8.39571458554436,8.17692857279624
6.00015170425544,0,0,0,0
6.01990622073929,0,8.05115927243418,6.51119540134449,7.45401947260595
6.40545983621952,0,0,0,0
7.14092044573742,0,8.4249199953049,0,9.52922310197063
6.93678967190048,0,6.57405719085027,4.82012026227377,0
5.00816558019533,0,0,0,0
5.31083864710171,0,4.73514526240984,0,0
5.73081381370723,0,3.94138761405805,0,0
0,0,6.51620786883296,4.14249960410915,3.51690418937413
0,0,0,0,0
0,0,0,0,0
0,0,0,0,0
0,0,0,0,0
5.94777385848325,0,3.88115134176106,0,0
4.80957933924605,0,0,0,0
0,0,3.55706087949309,0,0
6.64879023062785,0,4.30918708849692,0,0
5.50468091782223,0,0,0,0
5.65438212436107,0,0,0,0
5.21297731938102,0,8.09574503213474,6.94029991045786,7.86243945884316
0,0,9.20593166790642,7.29983114997129,8.52637887356444
6.38208670834637,0,10.0731121766838,0,10.6058174426707
4.68859179412716,0,6.72710831926749,6.53542993246125,0
0,0,8.55844261457586,5.72257151655278,8.46770878631733
0,0,0,0,0
0,0,0,0,0
6.35201945424515,0,0,0,0
0,0,8.79996472689205,8.70137634769146,8.65821520912812
5.75254089228997,6.37238078229473,10.0647684660082,8.23963833186284,9.8394928834842
0,0,0,4.40146154731249,0
5.35266349628815,0,0,0,0
0,0,0,0,0
0,0,8.26765689560608,6.11617906003082,7.25972818564962
0,0,0,0,0
0,0,8.47954739742645,6.85395357801378,9.17133027664141
0,0,5.38609927993157,3.65996544394929,6.50917144053749
0,0,4.31921994638107,0,4.67888522381037
0,9.27593146396664,12.1529197283787,11.0827408314095,11.7186542557638
0,0,7.70652294140577,3.40053049267445,4.57635910413397
7.73581789393877,0,6.39566218564918,0,0
5.02729573498936,7.42551282138892,9.01862644464025,7.76050965405092,8.85219720787239
6.03150223413951,0,8.44683724851225,0,7.45523486306948
7.09303080185245,8.79764670064257,12.0743681545327,9.80303718457086,10.9303155774043
5.87363776049454,6.19849904148901,10.7337802120359,6.38992182429409,9.85269413319023
0,5.51363033874706,9.89352307158285,8.32525272084441,8.90017407997141
0,0,0,0,0
5.02611486494464,0,2.62611681833952,0,5.80910298951401
5.82714988860648,0,0,0,0
0,0,0,0,0
5.65466225602479,0,3.957760897102,0,0
5.84067072671832,0,8.21393984684497,5.92788556546511,6.30682258241
5.54024341716161,5.62260857186709,9.01945827811811,6.55400462656065,7.09586836577621
4.79156676193518,6.1384827080327,10.0205369858388,6.87794534520971,9.60204456483431
6.08383860253284,0,4.96025386453533,0,5.43402763370048
6.8621196340809,0,0,0,0
5.59061377655056,0,6.07575973860338,0,0
4.52764098347885,0,0,0,0
5.73570095022447,0,8.41091892508205,6.2681678225165,7.7490638105226
0,0,0,0,0
5.09006242772758,0,0,0,0
0,0,0,0,4.72765327020264
5.29335507471822,0,6.09654502355849,0,0
4.09351088147352,0,0,0,0
5.69823377572578,0,0,0,0
5.95064255258773,0,0,0,0
6.41099691242758,0,0,0,0
4.59885025724327,0,0,0,0
4.37676280499878,0,0,0,0
0,0,0,0,4.65605339630266
5.15796274857539,0,0,0,0
6.33797551237248,0,4.73100957082724,0,0
0,0,0,0,0
5.38495367320758,0,0,0,0
4.98716193791061,0,0,0,0
4.17607814724877,0,0,0,0
5.45664502492734,0,0,0,0
7.759899946031,6.71264023338921,10.2700108419297,10.5356552045577,9.46762251353688
0,0,0,0,0
6.09683756268768,6.1190438863544,9.98689536113197,9.353167178072,9.45109591760717
5.31291036885094,0,6.63338422059003,0,0
5.58728611088242,0,2.75556971707019,0,0
6.06108388898804,0,7.53213634805742,0,6.68210859744981
4.1716141977134,0,0,0,0
6.23113084297485,4.08244065771928,7.71568990177422,5.84467421335368,0
0,0,0,0,0
0,0,8.20452966466333,5.86541934859065,0
6.20061058877834,6.06752240271705,9.59293254421095,6.82070390119249,9.29469071154417
6.46098368400625,0,0,0,0
7.07817293127327,5.93078523629613,8.66762324400041,5.73959996752159,8.70176720951348
4.81543111147129,0,0,0,0
5.1824574804535,0,0,0,0
0,0,5.93444435900853,3.24102862950933,0
6.11706141951718,0,6.32543365351108,5.86115652526606,0
6.83856595962914,0,5.32598117053051,3.93963817246112,0
6.36782691562888,0,0,0,0
4.80073696953207,0,4.10610842914234,0,5.86692121203338
0,8.0707623284548,10.9860094151551,10.7405489125561,10.9689962469379
7.26378501481888,0,5.27068919943056,0,0
0,6.07288323076914,10.0562944727799,8.03541491225879,0
6.043297695748,0,0,0,0
9.33116765808539,10.5372164146531,11.7797643188985,9.30229948868975,11.0918476097461
3.72303930576064,0,0,0,0
5.48309423991706,7.30163351783838,11.1850809026994,9.90841539077242,10.2750752466083
5.42371577594237,0,0,0,0
5.77990983504375,0,7.68026339640117,0,6.79940139878666
5.1128909948006,0,4.4083033577521,0,0
4.26493086279763,0,0,0,0
6.33984770904071,0,6.59508354982675,3.26346670819608,6.29428766324427
0,0,0,0,0
0,0,0,0,0
0,6.82729331676703,10.8818005173484,10.4887042512356,10.0840195924327
0,0,0,0,0
6.11162253810177,0,0,0,0
5.86587297905972,0,0,0,0
5.80507472613807,0,0,0,0
7.67316730561056,9.30103080626059,11.316220562014,10.7025251083535,11.2281817380167
9.07919128227045,9.56756716361896,10.9110037695601,9.30684075230169,10.2321760025086
5.24285750934367,0,0,0,0
5.50874035345287,5.39112441613424,11.0469122633673,10.1818273717181,11.1511030095831
6.06168999199748,0,8.26964935977841,5.30385202204651,7.63175169095757
0,9.35932918081219,11.1722983487788,9.59225704600536,10.6490492736521
5.95614820198041,0,0,0,0
5.66981195508505,0,0,0,0
9.9634860960535,11.4185323645201,0,11.1402227599543,0
6.8801682315538,8.87994423839672,11.9593981503771,10.7845551702002,10.7980213086186
5.81150020988771,0,0,0,0
7.87100211320973,5.31924680972907,9.62167488802658,8.85689164676405,10.5594182102111
6.89869435249162,0,10.2402061873702,9.74582738833301,0
5.7189009457879,0,0,0,0
0,0,8.3419346328226,6.16732779384089,7.42088424801056
6.00846914592381,0,7.22368218399916,4.22683374526818,0
6.16615287815279,0,8.2049205678323,0,0
0,0,0,0,0
6.56861147690576,0,0,0,0
0,0,0,0,0
4.27888587575437,0,0,0,6.41309823637773
6.78643474374558,0,11.3078961065448,8.86054598831333,10.0585192727048
5.37911363637613,6.42619715289671,10.0048475768885,9.21983515353797,10.4591326104039
0,0,0,0,0
5.6621615499651,0,0,0,0
5.42895081418324,0,7.80930590733454,4.6785135802123,6.85863856149998
5.68656849392151,9.51649403923446,12.314828390867,10.3212665327656,12.4482145792537
6.19727880990037,0,0,0,0
0,7.52959977964324,10.4826762495078,9.15858591863961,10.3791936418071
6.74273911634454,6.54770321040047,9.97327943805966,8.41040276503428,8.96376313404165
7.3521782451874,0,0,0,0
7.37624526324508,7.9777142886321,10.2854827169562,9.77964054309831,9.81912176379881
0,5.37620390520511,10.9009987597815,9.55081174424117,10.3550789624204
6.70338441299121,9.13483850572638,13.1051114143965,12.2276873555026,12.1023995941921
0,0,0,0,0
5.57097462973171,5.92010280062228,8.8486959577917,6.17330682239824,8.47702723165811
6.42794370874532,8.26772106505452,11.2984678316146,10.1449974060076,10.4135588919012
6.42698994981235,0,0,0,0
5.78551605968287,6.7643697794462,9.30424957086488,6.33569234574496,7.91254394903279
6.88198608708817,0,0,0,0
5.8238148305459,4.16960663005589,5.97939196587371,5.86252260681727,7.39162483046448
4.43450048193458,0,6.83529210724842,0,4.14851704111049
7.23247298673475,7.46934055477392,10.5449097666042,8.6816138115536,10.2587780385551
6.28482422143184,0,9.23225840727711,6.38666044019149,8.53009362188875
0,0,0,0,0
7.27832523851239,0,0,0,0
6.49668448835314,8.31412918983596,0,9.06069005032882,10.2859842274686
6.14182232869654,0,0,0,0
6.05570614916945,0,7.48493028328966,4.59895088617417,6.78677338242135
5.39021263125229,0,4.41642806139121,0,4.60146332405677
6.72097981826727,0,5.76013130160985,0,5.81197896513324
5.47193448271184,0,0,0,0
7.89506722386705,9.85544161136405,12.6753259933852,11.3161621258391,11.6367259151742
6.11540635630216,0,0,0,0
6.35539560168648,0,10.4743427976114,9.5413261569371,0
6.11741414543076,0,0,0,0
0,4.38365031578998,8.14507678218881,0,7.47540726146388
6.67654175283678,5.06436561651722,7.48264243514465,5.65101440911755,8.11984802715325
6.50337458268689,0,0,0,0
8.84869452210233,0,0,0,0
6.08306330263539,0,5.7927086838506,0,0
6.87185863498437,0,0,0,0
0,0,0,0,0
6.15850324703742,4.19132002134549,7.71191596689165,4.8553061423659,6.81255409323774
6.59396192143319,5.4635775354137,9.13508543461697,6.67448563136892,8.27583984357712
7.30250990072546,0,0,0,0
5.522140686767,5.02243210397577,8.07803685434061,5.71287435133442,7.82594420813937
5.97561459767792,0,5.57257219568579,0,0
6.79927880264605,6.21268625285949,8.86767821727886,0,7.69846011188689
5.4739079880027,0,8.70295714967493,4.30338918915681,7.05026127907179
5.55497306039469,0,6.52648021817517,0,0
0,0,7.63341321117027,0,6.67301980013193
7.72942759173037,9.49373576975237,13.168003824514,10.9622131730188,12.4741627934864
4.92355118718914,0,4.40268673737018,0,0
3.98192213280781,0,0,0,0
5.39838892027225,0,0,0,0
5.96842619048141,0,0,0,0
6.93438747278281,0,0,0,0
0,0,0,0,0
5.85039049429229,0,0,0,0
6.61367947679992,0,0,0,0
5.49120787469123,0,0,0,0
6.5399904980568,0,0,0,0
4.67786287138153,0,0,0,0
6.38990504027918,0,0,0,0
5.46936730330393,0,0,0,0
5.91141975609894,0,0,0,0
5.25874459142821,0,0,0,0
6.33011298551204,0,5.13855932816283,0,0
5.78176151597279,0,6.02620408091188,0,0
5.36476032309675,0,0,0,0
6.58120763030849,0,4.54223038621422,0,0
6.91998024860471,7.51750998097874,8.80839306912926,7.04536708538381,0
7.144525563211,0,3.75770564504379,0,0
5.522140686767,0,8.39848848114827,0,5.01628596560507
6.76813682631184,0,0,0,0
0,0,0,0,0
6.43139549209743,0,4.74762415378302,0,0
6.23407733681713,0,0,0,0
0,0,0,0,0
6.19181018974619,6.27645550174827,7.96991794481057,7.44547012541339,7.4211236671808
0,0,0,0,0
0,0,0,0,0
6.21698527070794,0,7.35902196289091,0,6.58034783272397
4.38900224841031,0,0,0,0
5.6364311122985,0,4.43283856322349,0,0
6.59547992234009,0,8.89298915786235,5.91396235957855,8.24283528996672
0,0,0,9.95796153317386,10.3384014244694
5.27694050078845,0,0,0,0
0,0,0,0,0
0,0,7.17412688792386,0,0
0,0,0,0,0
5.01800804842567,0,0,0,0
3.88259419473733,0,0,0,0
4.96277469774476,0,0,0,0
5.45181068750515,0,4.79818437232079,0,0
5.4793464217549,0,0,0,0
5.70251500508924,0,0,0,0
0,0,4.00277736869661,3.95316494875932,4.04164677322165
5.69705992889537,0,0,0,0
5.83714718672362,3.46854445512177,7.71683489500485,3.90821576708519,3.87515153065224
0,0,0,0,0
0,0,0,0,0
0,0,0,0,0
0,0,0,0,0
3.44361809754611,0,0,0,0
4.4208867058806,0,0,0,0
5.02526114629158,0,0,0,0
4.64130923260396,0,0,0,0
6.28389159434044,3.26880819361641,7.56227077287863,5.24670823281481,7.51901972672677
5.45121011265118,0,5.00401341778737,4.84071650401934,7.15838169285762
5.49129032851713,0,5.06404967073089,0,5.9421692553831
4.84071650401934,0,3.2577118486534,0,0
5.20521474828571,0,0,0,0
0,0,0,0,0
0,0,0,0,0
0,0,0,0,0
5.57257219568579,0,6.16029973696885,5.7787353278926,7.38199990248513
6.27312225948807,0,0,0,0
0,0,7.79806336653268,3.96878133924676,7.18470496485487
0,0,7.4227023977073,4.50302671231939,3.42654018933395
0,0,0,0,0
5.33315348138349,0,0,0,0
0,0,0,0,0
6.48654181390583,0,0,0,0
0,5.99500826073135,0,5.80612845115316,0
0,0,11.3968960158818,11.1421052322042,9.84997601018106
0,0,0,0,0
0,0,6.09984798911651,5.21232365338106,7.34957803121118
0,0,0,0,0
0,0,0,0,0
3.1108450806545,0,6.75046969045939,4.16728518662382,3.19703913025903
0,0,0,0,0
6.49084492318923,0,0,0,0
5.15531267213103,0,0,0,0
3.8286413964891,0,0,0,0
5.96010287066497,0,4.68250152892441,0,0
0,6.81751323445601,10.1461552610048,7.66075501868894,10.4263474728035
0,6.00795286461278,9.54624101669844,9.23090741291615,6.48728820195563
0,6.69504461533915,10.6358338113999,10.2079824932878,11.0504248178256
5.13920439489096,6.58619924068108,10.3196222047488,9.29718848563908,10.4597319494284
0,8.34773494634678,9.99499505678025,9.41882013352212,10.0767725691763
0,7.94343131774583,10.0462189946231,9.26851776647895,10.0354539712275
4.47460581596698,7.95443196176166,9.81559032875461,9.09702160661998,10.0592084275329
0,8.33220247558455,9.63074663635364,9.08214329797093,9.60672437134815
0,8.41701478098305,9.57764660298358,7.79556834397724,9.59085683472038
0,8.43459388509434,10.0554358088082,9.08559200965546,9.77574508598517
0,8.03873149334031,9.70110817588714,8.95120040387398,9.73733851274173
6.56910266706937,8.02603293062415,9.92008406534339,9.3272875028059,8.28980564709028
0,0,0,4.52417702677856,0
0,0,10.4490884461749,9.80793434320252,10.1100951352102
3.93885965938171,0,10.1346349871475,9.5047025825396,10.1650168531337
4.61035671267539,5.46915658623296,8.86077296667901,8.40637112192128,8.84888401528042
0,0,0,0,0
0,0,0,0,0
4.58251549542329,0,0,0,0
6.31371107646521,0,0,0,0
0,0,0,0,0
0,0,0,0,0
0,0,0,0,0
0,0,0,0,0
4.86768828477632,0,0,0,0
0,0,0,0,0
0,0,0,0,0
0,0,0,0,0
5.24496933104611,0,0,0,0
0,0,0,0,0
0,0,0,0,0
4.427716760591,0,0,0,0
5.48059725580725,0,0,0,0
4.94299864538044,0,0,0,0
0,0,0,0,0
5.29315405959116,0,0,0,0
0,0,0,0,0
0,0,0,0,0
4.59096983658695,0,0,0,0
0,0,0,0,0
6.68808070380667,0,0,0,0
0,0,0,0,0
8.17242987861715,0,8.23857656997807,5.4971682252932,9.50697970809567
0,0,0,0,0
5.66108372012309,0,0,0,0
5.10102429382394,0,0,0,0
4.47881299711157,0,0,0,0
0,0,0,0,0
4.54414548415032,0,0,0,0
0,0,0,0,0
5.07891680151266,0,0,0,0
0,0,0,0,0
0,0,0,0,0
4.34717635723814,0,0,0,0
3.67275007218405,0,0,0,0
0,0,0,0,0
0,0,0,0,0
6.95615489070541,0,0,0,0
0,0,0,0,0
0,0,0,0,0
0,0,0,0,0
0,0,0,0,0
6.25996380014299,0,7.04477433264023,0,0
4.68951133442184,0,0,0,0
0,0,0,0,0
5.85070710939172,0,0,0,0
6.30265560511067,0,0,0,0
0,0,0,0,0
0,0,5.3958976948869,0,0
0,0,7.99257285662806,0,8.51656499414164
6.83260060538138,5.1296028131603,4.14091003136942,0,2.96114082878437
5.33131684481114,0,3.97687397774776,0,0
0,0,7.54354873251211,0,7.86394341807741
4.57481406597319,5.26656866823346,7.15119545320366,3.06898273529358,4.01692341525352
6.13263853555494,0,0,0,4.116758157059
0,0,0,0,0
2.89811944468699,5.20707888611377,0,5.62065445674863,6.70456140297555
0,0,0,0,0
5.96568509412049,0,0,0,0
3.61253822085721,0,0,0,0
0,0,0,0,0
0,0,0,0,0
4.08378904828258,0,3.63442326831788,0,3.51571583510475
8.8375505640045,9.36819845659176,7.87418003354799,8.79737923874107,8.91942909123905
0,0,0,0,0
5.25284917850089,0,0,0,0
4.43769783204434,0,0,0,0
4.94783747927222,6.3954452206548,8.92130538474779,5.61553396910214,8.69691303334998
5.88810203411283,5.8769791931176,9.03352085118395,5.2406882537114,8.91578003171638
5.39390023644177,5.63999034156842,8.88913598627357,6.17282731107362,8.58411137890058
5.35823585675928,6.6297990897548,9.0525537568066,6.02974732053329,8.6384103238069
5.39462704668544,0,0,0,0
0,0,0,0,0
0,0,0,0,0
5.47432738072819,5.92438947831841,9.26079581546468,6.23928119862708,8.98255858063806
4.99131654970986,5.40164080877994,9.21019736175071,5.24576011580936,9.24475146048259
5.35157373284847,7.36357757680189,9.22380925792315,6.44928488555007,8.7524218230866
3.70696492166032,6.07410388062878,8.77050584413846,5.78563892112603,8.45254159721948
0,0,0,0,0
4.90356962178107,0,0,0,0
5.68981876763881,0,0,0,0
0,0,0,0,0
5.24959969975061,0,0,0,0
0,0,0,0,0
5.67184451112026,0,5.58911956633606,3.39785848039664,6.89681565894375
0,0,0,0,0
5.31640283409442,0,0,0,2.85589532836619
5.37170722377609,0,0,0,0
0,0,3.7374314946961,0,5.08599010766768
0,0,0,0,5.40209162476449
0,0,4.24060706920035,0,6.43765564512811
4.00259470361253,0,0,0,6.3073695785035
5.17099522797269,0,0,0,0
5.01096857188638,0,0,0,0
6.48976708331867,0,0,0,0
0,0,0,0,0
0,0,0,0,0
0,0,0,0,0
0,0,0,0,0
0,0,4.56684507166642,0,6.1262139476596
0,0,0,0,5.88064471200274
0,0,0,0,0
6.7563391900839,0,0,0,0
5.79136591021135,0,0,0,0
0,0,0,0,0
0,0,0,0,0
5.08239766032315,0,0,0,0
3.93769075217672,0,5.99677541942656,2.97092715463502,0
0,0,0,0,0
5.50089079611754,0,0,0,0
6.27951530158819,0,4.68490515400694,6.32793678372919,0
7.795807017284,0,0,0,0
5.20986859336292,0,0,5.03161370048145,0
5.79833479159742,0,0,0,0
5.40779937716503,0,5.36002375598401,4.13067649146949,0
0,0,0,0,0
0,0,5.80648947284846,0,0
5.86320494841256,4.18418526622189,8.32386569080575,5.14952729296287,7.18938658239676
6.10034137329337,0,0,0,0
0,0,0,0,0
6.69991897173507,0,0,0,0
0,0,6.05940353011617,5.83179449687376,5.62069067878975
6.13770545558085,0,0,0,0
6.93247715943688,0,0,0,0
5.94510642312983,0,6.53910896326218,0,5.75804967592914
0,0,0,0,0
6.68658477991954,0,0,0,0
4.92783322733512,0,0,0,0
4.88075437324174,0,0,0,0
0,0,0,0,0
0,0,0,0,0
0,0,5.74923373756012,0,0
0,0,0,0,0
0,0,0,0,0
0,0,0,0,0
0,0,0,0,0
3.71892357546231,0,0,0,0
0,0,0,0,0
5.92700602277058,0,0,0,0
0,0,0,0,0
5.41685567247157,0,6.62127248710584,0,0
0,0,0,0,0
0,0,0,0,0
0,0,0,0,0
4.25660512501274,0,0,0,0
0,0,0,0,0
0,0,0,0,0
0,0,4.52059220951279,0,0
5.48276166872297,0,0,0,0
4.47015197431,0,0,0,0
6.77640436452916,8.11566432612959,8.17308185099774,9.29349515519222,0
4.92776080292806,0,0,0,0
4.9747317397499,0,0,0,0
5.41106552623979,0,0,0,0
5.29731686621445,0,0,0,3.49225611260912
0,0,0,0,0
0,0,0,0,0
0,0,0,0,0
0,0,0,0,0
0,0,0,0,0
4.8331022540341,0,0,0,0
0,0,0,0,0
0,0,0,0,0
4.7824792009585,0,0,0,0
5.7480545109323,0,0,0,0
5.98916189804531,0,0,0,0
5.94101300361188,0,0,0,0
0,0,0,0,0
4.18235543954481,0,0,0,0
0,0,0,0,0
5.4234510973048,0,0,0,0
7.89841480613556,0,8.66892666644217,8.62224125826702,0
0,4.28054746572403,5.6659767599203,4.83445484205906,4.92318745823595
0,5.30489568190816,7.35103626777453,6.06958232637193,8.2312136688036
0,0,0,0,0
5.83974008829141,0,5.20450107034375,5.17076804560106,0
0,0,0,0,0
0,5.8431095398773,7.59079151579135,6.49148197215737,5.98116165411208
0,0,5.26806432337702,4.75384877835945,6.86134478115947
0,0,0,0,0
5.42230334632903,0,4.33572088179737,0,0
0,0,0,0,0
5.0409058171145,0,0,0,0
0,0,0,0,0
4.75384877835945,0,0,0,0
0,0,0,0,0
0,0,0,0,0
5.18352360854596,0,6.80903930604298,0,0
6.340976397237,7.54326805008125,10.7213911757116,7.43226484903613,9.78967475006332
0,0,6.11485405928488,4.05404326544858,7.18447751119758
4.56455650310279,0,0,0,0
4.88552548305341,0,0,0,0
0,0,7.71788072701496,0,8.03530157928152
3.39282913199164,3.36072254909644,6.16377785470487,3.03735394824481,5.23217756404349
5.96765841647635,0,0,0,0
5.8643127614475,0,4.897541247926,0,4.223763342973
0,0,0,0,0
0,0,0,0,0
0,0,0,0,0
5.42868751770989,0,0,0,0
0,0,0,0,0
4.68767140749983,0,0,0,0
6.83292396835913,5.03500265054455,7.86565233770751,5.05986980397395,0
0,0,0,0,0
0,0,0,0,0
0,0,5.3883865636369,5.00676113254766,0
5.29360628681792,0,0,0,0
0,0,0,0,0
0,0,0,0,0
4.99104464433125,0,0,0,0
0,0,4.40671924726425,0,0
6.0000773502062,0,0,0,0
5.39716673059021,0,0,0,0
6.24017837453372,0,0,0,0
6.89210342529391,0,0,0,8.08922477244681
0,0,0,0,0
0,0,0,0,0
0,0,0,0,0
0,0,0,0,0
0,0,0,0,0
0,0,5.69618703553437,4.85343552607608,6.64159983707464
